dummy,dummy,pop_SSP1,pop_SSP2,pop_SSP3,pop_SSP4,pop_SSP5,pop_SDP,pop_SDP_EI,pop_SDP_MC,pop_SDP_RC,pop_SSP2EU
2005,LAM,366.66756568,367.19796126,365.99129461,367.25904748,368.17708188,366.66756568,366.66756568,366.66756568,366.66756568,366.56072021
2005,OAS,641.27763332,642.30865934,641.23911328,642.50044408,642.99536568,641.27763332,641.27763332,641.27763332,641.27763332,642.30865934
2005,SSA,388.36541185,392.73799466,393.56377111,393.75129552,389.06751303,388.36541185,388.36541185,388.36541185,388.36541185,392.14268252
2005,EUR,334.43135706,334.82245556,337.04436499,334.82762263,332.66100676,334.43135706,334.43135706,334.43135706,334.43135706,334.50698684
2005,NEU,65.79200942,65.86478627,66.00624116,65.86722953,65.72429943,65.79200942,65.79200942,65.79200942,65.79200942,65.86478627
2005,MEA,239.91458366,240.12662972,240.9287581,240.26492958,239.42708632,239.91458366,239.91458366,239.91458366,239.91458366,239.76362972
2005,REF,200.74543043,201.27448773,201.68148276,201.29138514,200.77456143,200.74543043,200.74543043,200.74543043,200.74543043,201.27448773
2005,CAZ,39.5343122,39.57430709,40.23719934,39.57414937,38.92344235,39.5343122,39.5343122,39.5343122,39.5343122,39.57430709
2005,CHA,980.12694472,981.2504141,982.18753159,981.28823368,980.28788608,980.12694472,980.12694472,980.12694472,980.12694472,965.081049
2005,IND,715.82598493,716.82753308,717.82238277,717.14403347,716.25601098,715.82598493,715.82598493,715.82598493,715.82598493,716.82753308
2005,JPN,86.59781478,86.66726824,86.85141035,86.66782623,86.49576182,86.59781478,86.59781478,86.59781478,86.59781478,86.66726824
2005,USA,201.39081054,201.68941992,203.427595,201.69063139,199.91498273,201.39081054,201.39081054,201.39081054,201.39081054,201.68941992
2010,LAM,394.44143284,394.70663063,394.10329731,394.73717374,395.19619094,394.44143284,394.44143284,394.44143284,394.44143284,394.0382101
2010,OAS,701.10961666,701.62512967,701.09035664,701.72102204,701.96848284,701.10961666,701.10961666,701.10961666,701.10961666,701.62512967
2010,SSA,455.29730593,457.48359733,457.89648556,457.99024776,455.64835652,455.29730593,455.29730593,455.29730593,455.29730593,456.83829126
2010,EUR,333.19717853,333.39272778,334.50368249,333.39531132,332.31200338,333.19717853,333.19717853,333.19717853,333.19717853,333.06807025
2010,NEU,69.74140471,69.77779314,69.84852058,69.77901477,69.70754972,69.74140471,69.74140471,69.74140471,69.74140471,69.77779314
2010,MEA,270.05059183,270.15661486,270.55767905,270.22576479,269.80684316,270.05059183,270.05059183,270.05059183,270.05059183,269.79361486
2010,REF,199.22551522,199.49004386,199.69354138,199.49849257,199.24008071,199.22551522,199.22551522,199.22551522,199.22551522,199.49004386
2010,CAZ,41.3506561,41.37065355,41.70209967,41.37057468,41.04522118,41.3506561,41.3506561,41.3506561,41.3506561,41.37065355
2010,CHA,1009.05532236,1009.61705705,1010.0856158,1009.63596684,1009.13579304,1009.05532236,1009.05532236,1009.05532236,1009.05532236,992.8471745
2010,IND,788.00599246,788.50676654,789.00419139,788.66501674,788.22100549,788.00599246,788.00599246,788.00599246,788.00599246,788.50676654
2010,JPN,82.32570739,82.36043412,82.45250518,82.36071311,82.27468091,82.32570739,82.32570739,82.32570739,82.32570739,82.36043412
2010,USA,206.49570527,206.64500996,207.5140975,206.64561569,205.75779137,206.49570527,206.49570527,206.49570527,206.49570527,206.64500996
2015,LAM,422.2153,422.2153,422.2153,422.2153,422.2153,422.2153,422.2153,422.2153,422.2153,421.5157
2015,OAS,760.9416,760.9416,760.9416,760.9416,760.9416,760.9416,760.9416,760.9416,760.9416,760.9416
2015,SSA,522.2292,522.2292,522.2292,522.2292,522.2292,522.2292,522.2292,522.2292,522.2292,521.5339
2015,EUR,331.963,331.963,331.963,331.963,331.963,331.963,331.963,331.963,331.963,331.74576698
2015,NEU,73.6908,73.6908,73.6908,73.6908,73.6908,73.6908,73.6908,73.6908,73.6908,73.6908
2015,MEA,300.1866,300.1866,300.1866,300.1866,300.1866,300.1866,300.1866,300.1866,300.1866,299.8236
2015,REF,197.7056,197.7056,197.7056,197.7056,197.7056,197.7056,197.7056,197.7056,197.7056,197.7056
2015,CAZ,43.167,43.167,43.167,43.167,43.167,43.167,43.167,43.167,43.167,43.167
2015,CHA,1037.9837,1037.9837,1037.9837,1037.9837,1037.9837,1037.9837,1037.9837,1037.9837,1037.9837,1020.6133
2015,IND,860.186,860.186,860.186,860.186,860.186,860.186,860.186,860.186,860.186,860.186
2015,JPN,78.0536,78.0536,78.0536,78.0536,78.0536,78.0536,78.0536,78.0536,78.0536,78.0536
2015,USA,211.6006,211.6006,211.6006,211.6006,211.6006,211.6006,211.6006,211.6006,211.6006,211.6006
2020,LAM,445.8658,445.6229,446.2611,445.5841,445.2121,445.8658,445.8658,445.8658,445.8658,444.91311001
2020,OAS,817.7852,817.4184,817.9649,817.2707,817.0283,817.7852,817.7852,817.7852,817.7852,817.41614835
2020,SSA,608.6752,608.1845,607.8385,607.8293,608.6229,608.6752,608.6752,608.6752,608.6752,607.4465121
2020,EUR,325.6479,325.5023,324.605,325.4855,326.175,325.6479,325.6479,325.6479,325.6479,325.37101951
2020,NEU,76.3647,76.3257,76.3351,76.3323,76.3381,76.3647,76.3647,76.3647,76.3647,76.34245143
2020,MEA,327.0856,326.9629,326.7786,326.892,327.1015,327.0856,327.0856,327.0856,327.0856,326.53470393
2020,REF,192.9479,192.7309,192.5159,192.738,192.9803,192.9479,192.9479,192.9479,192.9479,192.8193176
2020,CAZ,43.758,43.7376,43.3504,43.7402,44.0334,43.758,43.758,43.758,43.758,43.6182346
2020,CHA,1025.9671,1025.4553,1025.2225,1025.5003,1025.8076,1025.9671,1025.9671,1025.9671,1025.9671,1008.9966801
2020,IND,926.9156,926.482,926.0914,926.4891,926.8241,926.9156,926.9156,926.9156,926.9156,926.48174288
2020,JPN,74.6377,74.6134,74.5499,74.6285,74.6738,74.6377,74.6377,74.6377,74.6377,74.57366047
2020,USA,214.1967,214.0603,212.8525,214.1026,215.0514,214.1967,214.1967,214.1967,214.1967,214.54485342
2025,LAM,464.4038,463.6232,465.6158,463.5447,462.0449,464.4038,464.4038,464.4038,464.4038,462.91578649
2025,OAS,866.076,864.8574,866.6533,864.3858,863.2773,866.076,866.076,866.076,866.076,864.85688025
2025,SSA,707.9545,705.8254,704.6509,704.3243,707.6068,707.9545,707.9545,707.9545,707.9545,705.04603266
2025,EUR,319.0173,318.659,315.8551,318.6468,321.0491,319.0173,319.0173,319.0173,319.0173,320.56571602
2025,NEU,78.3848,78.2929,78.2856,78.2982,78.3075,78.3848,78.3848,78.3848,78.3848,78.3089313
2025,MEA,356.4376,355.9689,355.4527,355.717,356.4358,356.4376,356.4376,356.4376,356.4376,355.4882433
2025,REF,190.5389,190.0037,189.3071,190.027,190.7224,190.5389,190.5389,190.5389,190.5389,190.07605318
2025,CAZ,44.2455,44.2011,42.9961,44.2088,45.2521,44.2455,44.2455,44.2455,44.2455,44.08058229
2025,CHA,1019.8228,1018.5829,1017.9391,1018.6642,1019.2622,1019.8228,1019.8228,1019.8228,1019.8228,1002.98671165
2025,IND,987.6582,985.9402,984.8875,986.1144,987.3219,987.6582,987.6582,987.6582,987.6582,985.93992638
2025,JPN,72.4211,72.353,72.1304,72.371,72.5608,72.4211,72.4211,72.4211,72.4211,72.31446437
2025,USA,215.922,215.5655,211.7633,215.6496,219.0581,215.922,215.922,215.922,215.922,216.05346064
2030,LAM,478.3231,476.7739,481.0112,476.6235,473.1382,478.3231,478.3231,478.3231,478.3231,476.08386505
2030,OAS,909.4257,906.7953,910.7584,905.7359,903.1183,909.4257,909.4257,909.4257,909.4257,906.7966456
2030,SSA,819.455,814.3539,811.7249,810.4074,818.3965,819.455,819.455,819.455,819.455,813.54313619
2030,EUR,310.4422,309.9235,303.9493,309.941,315.1379,310.4422,310.4422,310.4422,310.4422,312.21223213
2030,NEU,80.0123,79.8495,79.7895,79.8553,79.8887,80.0123,80.0123,80.0123,80.0123,79.86483905
2030,MEA,388.5747,387.5475,386.5845,386.9789,388.4506,388.5747,388.5747,388.5747,388.5747,387.00959548
2030,REF,191.3579,190.4868,189.0214,190.5334,191.9142,191.3579,191.3579,191.3579,191.3579,190.54692427
2030,CAZ,44.6761,44.6285,42.0973,44.6403,46.9113,44.6761,44.6761,44.6761,44.6761,44.50719106
2030,CHA,998.3241,996.096,995.1086,996.2523,997.1353,998.3241,998.3241,998.3241,998.3241,981.3892695
2030,IND,1036.0103,1032.442,1030.1561,1032.6879,1035.2529,1036.0103,1036.0103,1036.0103,1036.0103,1032.44171348
2030,JPN,69.9151,69.8001,69.319,69.814,70.2379,69.9151,69.9151,69.9151,69.9151,69.76292406
2030,USA,217.2828,216.7231,208.7309,216.8473,224.2736,217.2828,217.2828,217.2828,217.2828,217.21368102
2035,LAM,485.6114,486.5659,497.2978,483.7557,477.4949,485.6114,485.6114,485.6114,485.6114,485.89125621
2035,OAS,936.6832,940.1485,954.3676,937.2866,926.6042,936.6832,936.6832,936.6832,936.6832,940.15214396
2035,SSA,914.0628,925.2513,933.2588,929.2712,912.0641,914.0628,914.0628,914.0628,914.0628,924.41815401
2035,EUR,299.801,301.0232,293.4901,299.3075,307.4402,299.801,299.801,299.801,299.801,303.22838602
2035,NEU,80.4055,80.5575,80.9732,80.0053,80.2766,80.4055,80.4055,80.4055,80.4055,80.5721891
2035,MEA,412.5448,414.4591,417.081,413.0697,412.181,412.5448,412.5448,412.5448,412.5448,413.86862281
2035,REF,192.78,192.2932,191.2113,191.1637,193.8037,192.78,192.78,192.78,192.78,192.34538026
2035,CAZ,45.377,45.632,41.928,45.3807,48.91,45.377,45.377,45.377,45.377,45.508553
2035,CHA,941.2812,941.7853,946.3043,936.8434,939.4348,941.2812,941.2812,941.2812,941.2812,927.9448652
2035,IND,1068.9618,1069.884,1073.9448,1061.6967,1067.7454,1068.9618,1068.9618,1068.9618,1068.9618,1069.88370308
2035,JPN,65.9607,66.1533,65.7762,65.8314,66.4881,65.9607,65.9607,65.9607,65.9607,66.11806637
2035,USA,219.8718,220.7045,209.6782,219.3874,230.9893,219.8718,219.8718,219.8718,219.8718,221.20409343
2040,LAM,484.402,491.0357,512.5051,484.1852,473.2623,484.402,484.402,484.402,484.402,490.37333989
2040,OAS,949.6953,966.5329,998.7301,962.0498,935.5849,949.6953,949.6953,949.6953,949.6953,966.53889168
2040,SSA,984.7391,1035.571,1068.0982,1060.1943,981.5634,984.7391,984.7391,984.7391,984.7391,1034.71047868
2040,EUR,288.769,293.3497,285.7224,288.6178,299.624,288.769,288.769,288.769,288.769,295.25133498
2040,NEU,79.6029,80.4732,81.8467,78.9722,79.5093,79.6029,79.6029,79.6029,79.6029,80.48721336
2040,MEA,426.6076,434.909,445.0176,433.0947,425.8404,426.6076,426.6076,426.6076,426.6076,434.2721583
2040,REF,190.2952,190.7649,190.8656,187.7223,191.8687,190.2952,190.2952,190.2952,190.2952,190.80781851
2040,CAZ,45.8584,46.7023,41.9392,45.9729,50.7598,45.8584,45.8584,45.8584,45.8584,46.57639461
2040,CHA,883.3481,889.545,904.29,875.9887,880.8192,883.3481,883.3481,883.3481,883.3481,876.51880452
2040,IND,1085.6816,1097.7764,1115.9304,1075.1259,1083.9663,1085.6816,1085.6816,1085.6816,1085.6816,1097.77609534
2040,JPN,60.1129,60.8923,60.9213,60.0165,60.8641,60.1129,60.1129,60.1129,60.1129,60.85986841
2040,USA,222.3364,226.0292,213.0165,222.1318,237.8737,222.3364,222.3364,222.3364,222.3364,226.54084659
2045,LAM,476.1354,489.8817,525.1855,478.1867,461.985,476.1354,476.1354,476.1354,476.1354,489.2131106
2045,OAS,950.7392,985.0035,1041.1972,979.8728,932.4596,950.7392,950.7392,950.7392,950.7392,985.01189907
2045,SSA,1038.5713,1144.4101,1214.0644,1202.1376,1034.009,1038.5713,1038.5713,1038.5713,1038.5713,1143.51796998
2045,EUR,277.4407,286.6411,279.7748,278.0327,291.6918,277.4407,277.4407,277.4407,277.4407,287.94138173
2045,NEU,77.8578,79.73,82.4501,77.0225,77.8313,77.8578,77.8578,77.8578,77.8578,79.74335648
2045,MEA,430.777,447.8124,468.6668,446.4678,429.4084,430.777,430.777,430.777,430.777,447.13674996
2045,REF,184.7996,186.6066,188.3926,181.2823,187.0171,184.7996,184.7996,184.7996,184.7996,186.6399192
2045,CAZ,46.1119,47.7736,41.9794,46.4054,52.4162,46.1119,46.1119,46.1119,46.1119,47.64489795
2045,CHA,836.2605,848.8922,876.411,825.4831,833.0383,836.2605,836.2605,836.2605,836.2605,836.92651734
2045,IND,1089.6336,1115.653,1154.426,1074.9577,1087.3904,1089.6336,1089.6336,1089.6336,1089.6336,1115.65269038
2045,JPN,55.3481,56.8874,57.4823,55.2989,56.3362,55.3481,55.3481,55.3481,55.3481,56.85710144
2045,USA,223.8045,231.6085,217.2662,224.2008,243.962,223.8045,223.8045,223.8045,223.8045,232.13277606
2050,LAM,462.4673,483.8488,534.8631,466.5039,445.4249,462.4673,462.4673,462.4673,462.4673,483.16379627
2050,OAS,939.2027,992.9495,1077.1604,987.8509,916.773,939.2027,939.2027,939.2027,939.2027,992.96055147
2050,SSA,1080.8727,1250.3957,1367.058,1349.9327,1074.7605,1080.8727,1080.8727,1080.8727,1080.8727,1249.46616784
2050,EUR,266.3855,281.0137,275.2545,267.9973,284.1052,266.3855,266.3855,266.3855,266.3855,281.47960506
2050,NEU,75.4185,78.4061,82.7134,74.3536,75.5017,75.4185,75.4185,75.4185,75.4185,78.41874478
2050,MEA,427.494,454.8068,489.076,454.4251,425.3421,427.494,427.494,427.494,427.494,454.09851383
2050,REF,176.4737,180.0227,183.9752,172.2001,179.4433,176.4737,176.4737,176.4737,176.4737,180.04589421
2050,CAZ,45.7258,48.3551,41.522,46.2498,53.4174,45.7258,45.7258,45.7258,45.7258,48.22474666
2050,CHA,777.9826,797.5632,839.7008,763.6382,774.1051,777.9826,777.9826,777.9826,777.9826,786.611478
2050,IND,1080.3267,1119.7144,1182.5595,1059.028,1077.5415,1080.3267,1080.3267,1080.3267,1080.3267,1119.71408926
2050,JPN,51.1593,53.5662,54.7891,51.1595,52.3894,51.1593,51.1593,51.1593,51.1593,53.53767033
2050,USA,223.1962,235.8865,220.4886,224.3126,248.0224,223.1962,223.1962,223.1962,223.1962,236.42045987
2055,LAM,444.9324,474.4114,542.826,450.4881,425.3292,444.9324,444.9324,444.9324,444.9324,473.70830482
2055,OAS,918.9185,993.6746,1109.5536,989.464,892.629,918.9185,918.9185,918.9185,918.9185,993.68785696
2055,SSA,1113.1265,1351.6349,1525.4528,1500.4319,1105.3607,1113.1265,1113.1265,1113.1265,1113.1265,1350.67225483
2055,EUR,255.791,276.5006,272.2974,258.6479,276.8446,255.791,255.791,255.791,255.791,275.89811679
2055,NEU,72.7602,76.9082,82.939,71.4263,73.0009,72.7602,72.7602,72.7602,72.7602,76.92012766
2055,MEA,421.3176,459.9928,510.3254,460.6615,418.245,421.3176,421.3176,421.3176,421.3176,459.25620559
2055,REF,166.6844,172.525,179.3227,161.875,170.4899,166.6844,166.6844,166.6844,166.6844,172.53946938
2055,CAZ,45.0674,48.7914,41.0043,45.8707,54.0329,45.0674,45.0674,45.0674,45.0674,48.6600295
2055,CHA,693.3086,720.9339,780.3203,675.6678,688.8672,693.3086,693.3086,693.3086,693.3086,710.76526245
2055,IND,1059.9467,1111.6813,1201.8872,1029.4711,1056.6381,1059.9467,1059.9467,1059.9467,1059.9467,1111.68099149
2055,JPN,47.6288,50.9609,52.84,47.6739,49.0929,47.6288,47.6288,47.6288,47.6288,50.93375793
2055,USA,220.2912,238.4775,222.5507,222.3049,249.5098,220.2912,220.2912,220.2912,220.2912,239.01732494
2060,LAM,424.1933,462.5714,550.4067,431.2694,402.5432,424.1933,424.1933,424.1933,424.1933,461.85969366
2060,OAS,888.8795,986.6842,1138.9512,984.7212,859.2674,888.8795,888.8795,888.8795,888.8795,986.69950111
2060,SSA,1132.6389,1444.7715,1688.0255,1652.4062,1123.1858,1132.6389,1132.6389,1132.6389,1132.6389,1443.78690131
2060,EUR,246.6264,274.0585,272.2688,250.9236,270.6426,246.6264,246.6264,246.6264,246.6264,272.29925129
2060,NEU,69.9642,75.3199,83.2551,68.3081,70.4042,69.9642,69.9642,69.9642,69.9642,75.33114219
2060,MEA,416.1511,467.0707,536.376,469.1295,412.0573,416.1511,416.1511,416.1511,416.1511,466.3074709
2060,REF,161.28,169.7587,179.8913,155.8843,165.9455,161.28,161.28,161.28,161.28,169.77231792
2060,CAZ,44.1554,49.1316,40.625,45.2999,54.1867,44.1554,44.1554,44.1554,44.1554,48.99978694
2060,CHA,636.2644,671.5214,749.4366,614.0293,631.3862,636.2644,636.2644,636.2644,636.2644,662.21012216
2060,IND,1029.4666,1095.0709,1218.0306,988.0284,1025.6799,1029.4666,1029.4666,1029.4666,1029.4666,1095.07059609
2060,JPN,44.5145,48.8253,51.4147,44.6381,46.1897,44.5145,44.5145,44.5145,44.5145,48.79929536
2060,USA,215.6194,239.9916,224.6604,218.7483,248.662,215.6194,215.6194,215.6194,215.6194,240.5348523
2065,LAM,400.0935,448.3635,558.036,409.4528,376.9434,400.0935,400.0935,400.0935,400.0935,447.65784604
2065,OAS,851.911,975.3125,1169.4637,977.9007,819.5809,851.911,851.911,851.911,851.911,975.32972091
2065,SSA,1133.6727,1525.5119,1851.9681,1804.0466,1122.5804,1133.6727,1133.6727,1133.6727,1133.6727,1524.52115021
2065,EUR,238.8442,273.7447,275.6919,244.8251,265.3645,238.8442,238.8442,238.8442,238.8442,270.86189504
2065,NEU,66.6523,73.3379,83.5104,64.7095,67.315,66.6523,66.6523,66.6523,66.6523,73.34839055
2065,MEA,410.09,474.2876,565.7187,478.8022,404.9193,410.09,410.09,410.09,410.09,473.49624003
2065,REF,159.4529,170.7642,184.5932,153.3861,164.9381,159.4529,159.4529,159.4529,159.4529,170.78080003
2065,CAZ,43.6225,50.0267,41.1042,45.1855,54.4852,43.6225,43.6225,43.6225,43.6225,49.89314472
2065,CHA,596.1832,639.4668,737.5613,569.0648,590.9836,596.1832,596.1832,596.1832,596.1832,630.94692697
2065,IND,987.3546,1071.3839,1233.3551,936.2371,983.1465,987.3546,987.3546,987.3546,987.3546,1071.38360267
2065,JPN,41.311,46.6692,50.0851,41.5646,43.1693,41.311,41.311,41.311,41.311,46.64434371
2065,USA,211.4703,242.9661,229.7914,216.0136,247.6983,211.4703,211.4703,211.4703,211.4703,243.51608547
2070,LAM,374.253,433.2001,566.9615,386.5065,349.9949,374.253,374.253,374.253,374.253,432.50527674
2070,OAS,808.1525,959.6155,1201.0805,968.6959,773.5757,808.1525,808.1525,808.1525,808.1525,959.63460522
2070,SSA,1112.388,1591.0211,2014.1782,1952.0822,1099.7577,1112.388,1112.388,1112.388,1112.388,1590.03488222
2070,EUR,230.4077,273.5936,280.8352,238.3261,259.073,230.4077,230.4077,230.4077,230.4077,269.60138954
2070,NEU,63.1551,71.3299,84.1295,60.9626,64.033,63.1551,63.1551,63.1551,63.1551,71.33988685
2070,MEA,398.7661,477.4053,594.326,485.6788,392.4901,398.7661,398.7661,398.7661,398.7661,476.58740227
2070,REF,156.5129,170.8964,188.8963,149.8851,162.7674,156.5129,156.5129,156.5129,156.5129,170.91464384
2070,CAZ,43.2609,51.2748,42.1989,45.3026,54.7898,43.2609,43.2609,43.2609,43.2609,51.13856037
2070,CHA,554.1943,605.7031,726.2605,521.9102,548.7197,554.1943,554.1943,554.1943,554.1943,597.70399259
2070,IND,935.8623,1041.614,1249.59,877.0449,931.2757,935.8623,935.8623,935.8623,935.8623,1041.61371093
2070,JPN,38.1062,44.5915,48.9846,38.5084,40.1257,38.1062,38.1062,38.1062,38.1062,44.56775031
2070,USA,206.9062,246.594,237.2148,213.1708,245.8855,206.9062,206.9062,206.9062,206.9062,247.1521977
2075,LAM,347.4809,417.5807,577.4412,363.0541,322.3123,347.4809,347.4809,347.4809,347.4809,416.89564216
2075,OAS,757.4117,938.686,1232.0503,955.9507,720.8322,757.4117,757.4117,757.4117,757.4117,938.70716995
2075,SSA,1068.1444,1639.7534,2171.3609,2092.9695,1054.0591,1068.1444,1068.1444,1068.1444,1068.1444,1638.77541446
2075,EUR,219.5986,271.8968,285.7168,229.8011,250.1942,219.5986,219.5986,219.5986,219.5986,266.67188964
2075,NEU,59.4345,69.2278,85.0235,57.0341,60.5148,59.4345,59.4345,59.4345,59.4345,69.23744658
2075,MEA,379.6257,473.7324,619.5219,487.1743,372.2376,379.6257,379.6257,379.6257,379.6257,472.8928351
2075,REF,149.687,167.4719,190.2209,142.867,156.7151,149.687,149.687,149.687,149.687,167.49216996
2075,CAZ,42.4396,52.2417,43.1701,45.0208,54.5488,42.4396,42.4396,42.4396,42.4396,52.10356005
2075,CHA,504.318,565.0821,709.9802,467.6214,498.6008,504.318,504.318,504.318,504.318,557.38535413
2075,IND,879.8759,1008.5013,1266.0848,813.6722,874.9283,879.8759,879.8759,879.8759,879.8759,1008.50102012
2075,JPN,34.7141,42.377,47.902,35.2686,36.8832,34.7141,34.7141,34.7141,34.7141,42.35442976
2075,USA,201.119,249.9827,245.505,209.4211,242.661,201.119,201.119,201.119,201.119,250.54856846
2080,LAM,319.1726,400.5784,588.3467,338.191,293.2778,319.1726,319.1726,319.1726,319.1726,399.89666456
2080,OAS,700.0851,912.1691,1261.3284,939.1097,661.7343,700.0851,700.0851,700.0851,700.0851,912.19228567
2080,SSA,1003.077,1671.4442,2321.5662,2224.2944,987.6383,1003.077,1003.077,1003.077,1003.077,1670.47683939
2080,EUR,208.4674,270.4445,291.7291,221.2117,240.7796,208.4674,208.4674,208.4674,208.4674,263.81461565
2080,NEU,55.3421,66.8633,85.9408,52.7902,56.6137,55.3421,55.3421,55.3421,55.3421,66.87258564
2080,MEA,352.2217,462.6979,640.6109,482.4512,343.7594,352.2217,352.2217,352.2217,352.2217,461.84478675
2080,REF,139.3365,160.8289,189.0474,132.6952,147.1171,139.3365,139.3365,139.3365,139.3365,160.85023303
2080,CAZ,41.3297,53.0482,44.0765,44.4978,53.9405,41.3297,41.3297,41.3297,41.3297,52.90846095
2080,CHA,447.3705,517.8416,689.3798,407.1416,441.4419,447.3705,447.3705,447.3705,447.3705,510.50764662
2080,IND,825.7868,977.344,1286.5958,751.6567,820.4954,825.7868,825.7868,825.7868,825.7868,977.34372877
2080,JPN,31.2498,40.1353,46.8959,31.9689,33.5575,31.2498,31.2498,31.2498,31.2498,40.1139237
2080,USA,195.3477,253.8739,255.0792,205.8198,239.2735,195.3477,195.3477,195.3477,195.3477,254.4485767
2085,LAM,292.766,382.2921,595.9422,314.4032,266.3808,292.766,292.766,292.766,292.766,381.61382719
2085,OAS,647.7739,883.6875,1285.5888,923.1379,607.9727,647.7739,647.7739,647.7739,647.7739,883.71272712
2085,SSA,943.1776,1691.334,2459.8224,2341.5364,926.5478,943.1776,943.1776,943.1776,943.1776,1690.37583945
2085,EUR,198.5718,268.8961,296.5533,214.0451,232.3237,198.5718,198.5718,198.5718,198.5718,260.7526952
2085,NEU,51.8619,64.7594,86.7731,49.276,53.3111,51.8619,51.8619,51.8619,51.8619,64.76830474
2085,MEA,327.7613,451.3389,660.4695,478.7864,318.3025,327.7613,327.7613,327.7613,327.7613,450.47321979
2085,REF,131.1419,155.8009,188.7874,125.1506,139.6376,131.1419,131.1419,131.1419,131.1419,155.82480592
2085,CAZ,40.2299,53.6919,44.6565,44.027,53.2344,40.2299,40.2299,40.2299,40.2299,53.55086628
2085,CHA,404.9949,481.6166,676.0854,362.6187,398.9111,404.9949,404.9949,404.9949,404.9949,474.63474116
2085,IND,776.254,944.4027,1302.771,694.7432,770.6495,776.254,776.254,776.254,776.254,944.40243791
2085,JPN,28.4964,38.2915,45.9634,29.365,30.928,28.4964,28.4964,28.4964,28.4964,38.27110572
2085,USA,189.3119,256.5515,262.7685,202.1056,235.3298,189.3119,189.3119,189.3119,189.3119,257.1322378
2090,LAM,270.0553,364.4638,601.9933,292.4656,243.4526,270.0553,270.0553,270.0553,270.0553,363.7893644
2090,OAS,601.1201,853.9119,1305.9679,907.5671,560.27,601.1201,601.1201,601.1201,601.1201,853.93898606
2090,SSA,894.0141,1699.7998,2585.6227,2444.0227,876.4169,894.0141,894.0141,894.0141,894.0141,1698.85472027
2090,EUR,190.2894,267.9345,301.1141,208.4647,225.1467,190.2894,190.2894,190.2894,190.2894,258.24634363
2090,NEU,48.9089,62.7937,87.5051,46.2782,50.5106,48.9089,48.9089,48.9089,48.9089,62.8022502
2090,MEA,307.5608,440.9554,680.4182,476.6191,297.2319,307.5608,307.5608,307.5608,307.5608,440.07858865
2090,REF,125.1444,152.6484,190.0663,119.9904,134.3073,125.1444,125.1444,125.1444,125.1444,152.67604977
2090,CAZ,39.2187,54.2803,45.1125,43.6571,52.4863,39.2187,39.2187,39.2187,39.2187,54.13817482
2090,CHA,369.2438,449.2496,664.2128,325.22,363.0483,369.2438,369.2438,369.2438,369.2438,442.6128404
2090,IND,731.35,909.6712,1315.7357,640.7713,725.4738,731.35,731.35,731.35,731.35,909.67094755
2090,JPN,26.3319,36.8141,45.1522,27.3331,28.87,26.3319,26.3319,26.3319,26.3319,36.7944926
2090,USA,183.6685,258.6964,269.6779,198.6552,231.3721,183.6685,183.6685,183.6685,183.6685,259.28199306
2095,LAM,249.5331,347.3761,607.6935,272.1673,222.9523,249.5331,249.5331,249.5331,249.5331,346.71117132
2095,OAS,558.1942,823.7727,1325.1273,892.814,516.683,558.1942,558.1942,558.1942,558.1942,823.80156521
2095,SSA,848.1454,1696.4882,2699.6058,2531.921,829.8205,848.1454,848.1454,848.1454,848.1454,1695.55988568
2095,EUR,183.1565,267.4515,306.2155,203.9531,218.7747,183.1565,183.1565,183.1565,183.1565,256.24140279
2095,NEU,46.304,60.9411,88.2552,43.6323,48.028,46.304,46.304,46.304,46.304,60.94935922
2095,MEA,289.9004,430.7666,700.4248,475.0433,278.8715,289.9004,289.9004,289.9004,289.9004,429.87920533
2095,REF,120.7673,150.9125,192.6919,116.4766,130.5357,120.7673,120.7673,120.7673,120.7673,150.94499208
2095,CAZ,38.3463,54.9331,45.7299,43.4523,51.7449,38.3463,38.3463,38.3463,38.3463,54.78977695
2095,CHA,343.2158,425.4406,659.3685,297.3255,336.9365,343.2158,343.2158,343.2158,343.2158,419.14490743
2095,IND,686.8803,873.3918,1326.7547,588.3084,680.7739,686.8803,686.8803,686.8803,686.8803,873.39155762
2095,JPN,24.5206,35.5516,44.4298,25.6571,27.1491,24.5206,24.5206,24.5206,24.5206,35.53266501
2095,USA,178.1568,260.5078,276.7602,195.3426,227.1165,178.1568,178.1568,178.1568,178.1568,261.0974934
2100,LAM,230.1048,330.834,613.8954,253.4531,203.765,230.1048,230.1048,230.1048,230.1048,330.18198051
2100,OAS,517.3432,793.6666,1344.7973,879.058,475.5372,517.3432,517.3432,517.3432,517.3432,793.69719504
2100,SSA,799.8697,1681.5393,2803.6681,2608.0629,781.0302,799.8697,799.8697,799.8697,799.8697,1680.63103793
2100,EUR,176.3065,266.9666,312.1782,199.7678,212.318,176.3065,176.3065,176.3065,176.3065,254.27032034
2100,NEU,43.8536,59.1911,89.2151,41.2158,45.6662,43.8536,43.8536,43.8536,43.8536,59.19914235
2100,MEA,272.2967,419.2403,719.57,473.0012,260.7459,272.2967,272.2967,272.2967,272.2967,418.34452167
2100,REF,116.6986,149.3599,195.4805,113.3179,126.9857,116.6986,116.6986,116.6986,116.6986,149.39806291
2100,CAZ,37.556,55.6599,46.644,43.3638,50.9544,37.556,37.556,37.556,37.556,55.51522767
2100,CHA,321.4471,405.5562,657.7899,273.8446,315.1057,321.4471,321.4471,321.4471,321.4471,399.5664167
2100,IND,641.9257,837.2544,1338.6175,537.9831,635.6323,641.9257,641.9257,641.9257,641.9257,837.25416764
2100,JPN,22.8512,34.3513,43.7771,24.142,25.5521,22.8512,22.8512,22.8512,22.8512,34.3330043
2100,USA,172.7286,262.3945,285.0576,192.2513,222.5242,172.7286,172.7286,172.7286,172.7286,262.98846419
2105,LAM,214.27728352,317.46754619,618.92989193,238.62445248,188.49809649,214.27728352,214.27728352,214.27728352,214.27728352,316.82627973
2105,OAS,484.48959921,769.6095899,1360.71098519,868.00402422,442.29118086,484.48959921,484.48959921,484.48959921,484.48959921,769.64158623
2105,SSA,760.65127789,1669.26641946,2886.81082776,2668.69579384,741.48536767,760.65127789,760.65127789,760.65127789,760.65127789,1668.37481483
2105,EUR,170.67286052,266.56404777,317.03670564,196.31647788,207.00995922,170.67286052,170.67286052,170.67286052,170.67286052,252.63864206
2105,NEU,41.95534072,57.79403625,90.00610855,39.29902163,43.78491148,41.95534072,41.95534072,41.95534072,41.95534072,57.80189842
2105,MEA,258.02476538,409.84691524,734.87666872,471.30692438,246.64612625,258.02476538,258.02476538,258.02476538,258.02476538,408.94417317
2105,REF,113.34804826,148.07395223,197.7186602,110.71524712,124.05394134,113.34804826,113.34804826,113.34804826,113.34804826,148.11674338
2105,CAZ,36.89997947,56.26307501,47.39799799,43.2902948,50.29819077,36.89997947,36.89997947,36.89997947,36.89997947,56.11728509
2105,CHA,303.66338808,389.33055184,656.51089369,255.53766554,297.26841187,303.66338808,303.66338808,303.66338808,303.66338808,383.59350375
2105,IND,606.26973136,808.80744321,1348.08271578,498.09323357,599.82080549,606.26973136,606.26973136,606.26973136,606.26973136,808.80721933
2105,JPN,21.52232712,33.37208498,43.24180438,22.92288463,24.27932596,21.52232712,21.52232712,21.52232712,21.52232712,33.35430306
2105,USA,168.4006411,263.89047986,291.55277877,189.74879116,218.8457907,168.4006411,168.4006411,168.4006411,168.4006411,264.48770841
2110,LAM,202.80635308,307.34708931,622.60209147,227.14453581,177.40847881,202.80635308,202.80635308,202.80635308,202.80635308,306.71324322
2110,OAS,459.67303022,751.07766568,1372.83645724,859.90588803,417.09078868,459.67303022,459.67303022,459.67303022,459.67303022,751.11063544
2110,SSA,731.71074054,1660.46957497,2951.34181075,2715.82589101,711.72848363,731.71074054,731.71074054,731.71074054,731.71074054,1659.58944429
2110,EUR,166.60728901,266.28682681,320.59299588,193.92517683,203.16876614,166.60728901,166.60728901,166.60728901,166.60728901,251.51183721
2110,NEU,40.51288439,56.71271007,90.55456404,37.83577867,42.35463362,40.51288439,40.51288439,40.51288439,40.51288439,56.72044827
2110,MEA,247.31725264,402.87809311,746.60159942,469.94295287,236.04836271,247.31725264,247.31725264,247.31725264,247.31725264,401.97055551
2110,REF,110.97079637,147.18708432,199.39249733,108.85772211,121.97130844,110.97079637,110.97079637,110.97079637,110.97079637,147.23309339
2110,CAZ,36.44820403,56.67846063,47.92039862,43.23967555,49.84628585,36.44820403,36.44820403,36.44820403,36.44820403,56.53190102
2110,CHA,290.29413045,377.26955915,655.54498399,240.93951199,283.86140312,290.29413045,290.29413045,290.29413045,290.29413045,371.7061654
2110,IND,578.95225999,785.51188363,1355.48190967,467.58239473,572.38434351,578.95225999,578.95225999,578.95225999,578.95225999,785.51166667
2110,JPN,20.48639426,32.62908897,42.86918338,21.98878321,23.28716165,20.48639426,20.48639426,20.48639426,20.48639426,32.61169706
2110,USA,165.01360824,265.05682003,296.93036064,187.92787781,216.12121701,165.01360824,165.01360824,165.01360824,165.01360824,265.6565965
2115,LAM,192.71989777,298.78368627,625.88043627,217.14393462,167.68662136,192.71989777,192.71989777,192.71989777,192.71989777,298.15674501
2115,OAS,437.99617553,734.95527548,1383.00557247,852.50620583,395.74046833,437.99617553,437.99617553,437.99617553,437.99617553,734.98916103
2115,SSA,706.19508866,1652.56596755,3005.32723865,2756.11574926,686.21775367,706.19508866,706.19508866,706.19508866,706.19508866,1651.69658695
2115,EUR,163.08654495,266.02701671,323.78557859,191.68022365,199.86235561,163.08654495,163.08654495,163.08654495,163.08654495,250.45575285
2115,NEU,39.24132503,55.77381416,91.06864192,36.53949979,41.09420706,39.24132503,39.24132503,39.24132503,39.24132503,55.78143611
2115,MEA,238.16403499,396.85327754,756.75222234,469.07266837,226.94355845,238.16403499,238.16403499,238.16403499,238.16403499,395.94124719
2115,REF,108.84167451,146.35212818,200.88244085,107.2183386,120.12419675,108.84167451,108.84167451,108.84167451,108.84167451,146.40117176
2115,CAZ,36.02480028,57.06776399,48.41004408,43.1922365,49.42276145,36.02480028,36.02480028,36.02480028,36.02480028,56.92048295
2115,CHA,278.89533845,366.99854382,654.70163277,228.61881018,272.42821104,278.89533845,278.89533845,278.89533845,278.89533845,361.59843037
2115,IND,554.19976954,767.47531403,1361.58313782,439.73400001,547.52428249,554.19976954,554.19976954,554.19976954,554.19976954,767.47510241
2115,JPN,19.59099547,32.0456604,42.5198836,21.18121902,22.42964519,19.59099547,19.59099547,19.59099547,19.59099547,32.02857497
2115,USA,162.17815687,266.06513038,301.27872896,186.28252842,213.58707141,162.17815687,162.17815687,162.17815687,162.17815687,266.66711359
2120,LAM,183.11546296,290.67444553,628.98258389,208.09265212,158.42406449,183.11546296,183.11546296,183.11546296,183.11546296,290.05405726
2120,OAS,418.1025409,720.51348152,1392.38769406,845.76048615,375.70438306,418.1025409,418.1025409,418.1025409,418.1025409,720.54823073
2120,SSA,682.68615244,1645.02569265,3055.94374964,2792.48519827,662.55633599,682.68615244,682.68615244,682.68615244,682.68615244,1644.16647879
2120,EUR,159.62276259,265.78130409,326.6402121,189.56027759,196.59768347,159.62276259,159.62276259,159.62276259,159.62276259,249.45692165
2120,NEU,38.06421977,54.97633062,91.55490012,35.34994787,39.92754894,38.06421977,38.06421977,38.06421977,38.06421977,54.98384256
2120,MEA,229.59554855,391.32348548,766.0969462,468.01401278,218.29343041,229.59554855,229.59554855,229.59554855,229.59554855,390.40720349
2120,REF,106.78328864,145.56607722,202.26652295,105.62028251,118.32822033,106.78328864,106.78328864,106.78328864,106.78328864,145.61797573
2120,CAZ,35.62436792,57.43595166,48.87317938,43.14737297,49.02221592,35.62436792,35.62436792,35.62436792,35.62436792,57.28798823
2120,CHA,268.74783549,357.061439,653.97399311,216.51703838,262.248762,268.74783549,268.74783549,268.74783549,268.74783549,351.81569513
2120,IND,533.41210863,749.33312048,1367.51152946,416.35026346,526.64655804,533.41210863,533.41210863,533.41210863,533.41210863,749.33291422
2120,JPN,18.83581151,31.44092653,42.18944601,20.49419436,21.70646752,18.83581151,18.83581151,18.83581151,18.83581151,31.42415907
2120,USA,159.56109698,266.99473692,305.08525076,184.81578444,211.30635066,159.56109698,159.56109698,159.56109698,159.56109698,267.59875972
2125,LAM,174.48766954,283.33955203,631.68135528,200.02777083,150.07749374,174.48766954,174.48766954,174.48766954,174.48766954,282.72461566
2125,OAS,399.82521064,707.26732578,1401.21029769,839.71277592,357.08358482,399.82521064,399.82521064,399.82521064,399.82521064,707.30279924
2125,SSA,661.17450117,1638.68854,3101.98481553,2826.60883847,640.98530455,661.17450117,661.17450117,661.17450117,661.17450117,1637.83779748
2125,EUR,156.62965582,265.57656781,329.28421601,187.78419028,193.76810459,156.62965582,156.62965582,156.62965582,156.62965582,248.62257557
2125,NEU,36.98652126,54.1716063,91.96255225,34.2560539,38.85891805,36.98652126,36.98652126,36.98652126,36.98652126,54.17902669
2125,MEA,221.59169348,386.18022309,774.62802487,467.04831843,210.50165517,221.59169348,221.59169348,221.59169348,221.59169348,385.26040117
2125,REF,105.01288286,144.91025326,203.51469018,104.23839083,116.78041948,105.01288286,105.01288286,105.01288286,105.01288286,144.96455191
2125,CAZ,35.29071086,57.74274691,49.26118208,43.10999263,48.68846556,35.29071086,35.29071086,35.29071086,35.29071086,57.59421478
2125,CHA,258.73608523,348.07069072,653.25022759,206.58843411,252.2092695,258.73608523,258.73608523,258.73608523,258.73608523,342.95330639
2125,IND,512.9275456,733.11096187,1372.78918481,393.31329429,506.0735924,512.9275456,512.9275456,512.9275456,512.9275456,733.11076036
2125,JPN,18.06447113,30.8835638,41.9114442,19.79257177,20.96789257,18.06447113,18.06447113,18.06447113,18.06447113,30.86708981
2125,USA,157.08740574,267.78486604,308.78396607,183.41336374,209.32680532,157.08740574,157.08740574,157.08740574,157.08740574,268.39062779
2130,LAM,166.18919724,276.22626254,634.42067939,191.86254236,142.07987017,166.18919724,166.18919724,166.18919724,166.18919724,275.61706353
2130,OAS,382.65721105,694.28900102,1410.01670967,833.83720124,339.57679214,382.65721105,382.65721105,382.65721105,382.65721105,694.32523204
2130,SSA,640.58449552,1632.22836212,3147.98539351,2859.62524608,619.94978975,640.58449552,640.58449552,640.58449552,640.58449552,1631.38652237
2130,EUR,153.68393487,265.36138063,331.92334862,185.92753761,190.9994112,153.68393487,153.68393487,153.68393487,153.68393487,247.74783906
2130,NEU,36.01823424,53.39955518,92.38842897,33.19340664,37.8995783,36.01823424,36.01823424,36.01823424,36.01823424,53.4068793
2130,MEA,214.05365443,381.21278524,782.80995219,466.37222247,203.03321529,214.05365443,214.05365443,214.05365443,214.05365443,380.28924085
2130,REF,103.25375513,144.22181235,204.6653358,102.88199717,115.25209524,103.25375513,103.25375513,103.25375513,103.25375513,144.2786145
2130,CAZ,34.94001813,58.06521422,49.66679199,43.07070621,48.33767608,34.94001813,34.94001813,34.94001813,34.94001813,57.91608421
2130,CHA,249.70335897,339.96321251,652.55163558,196.6901271,243.14867045,249.70335897,249.70335897,249.70335897,249.70335897,334.98142875
2130,IND,494.24973347,718.45479544,1377.97453204,372.31567242,487.31558477,494.24973347,494.24973347,494.24973347,494.24973347,718.45459819
2130,JPN,17.32844288,30.40181973,41.62199971,19.1232076,20.26322582,17.32844288,17.32844288,17.32844288,17.32844288,30.3855998
2130,USA,154.87686595,268.61455127,312.59904508,182.07393364,207.43225481,154.87686595,154.87686595,154.87686595,154.87686595,269.2221463
2135,LAM,158.12795695,269.43177401,636.8952948,184.18402177,134.31405001,158.12795695,158.12795695,158.12795695,158.12795695,268.8276437
2135,OAS,365.64673192,681.81478734,1417.96120625,827.92997609,322.57118829,365.64673192,365.64673192,365.64673192,365.64673192,681.85169576
2135,SSA,620.2270802,1625.79716889,3190.20016966,2891.0659887,599.82229899,620.2270802,620.2270802,620.2270802,620.2270802,1624.96329982
2135,EUR,150.84594393,265.16871462,334.27713031,184.26495047,188.29138942,150.84594393,150.84594393,150.84594393,150.84594393,246.96461427
2135,NEU,35.00798098,52.71302069,92.769802,32.2545917,36.89787728,35.00798098,35.00798098,35.00798098,35.00798098,52.72025861
2135,MEA,206.84044776,376.35272334,790.84591622,465.38844309,195.91378557,206.84044776,206.84044776,206.84044776,206.84044776,375.42584658
2135,REF,101.59697691,143.5736921,205.83588952,101.58659704,113.80022136,101.59697691,101.59697691,101.59697691,101.59697691,143.63288443
2135,CAZ,34.6260237,58.35394624,50.03000079,43.03553385,48.02359659,34.6260237,34.6260237,34.6260237,34.6260237,58.20428075
2135,CHA,240.66375703,331.98224498,651.93040282,186.87026741,234.083545,240.66375703,240.66375703,240.66375703,240.66375703,327.12163658
2135,IND,473.85209996,702.27542383,1382.68413307,351.54949614,466.83099078,473.85209996,473.85209996,473.85209996,473.85209996,702.27523124
2135,JPN,16.67418587,29.88034995,41.3374891,18.52837029,19.63695429,16.67418587,16.67418587,16.67418587,16.67418587,29.86440563
2135,USA,152.54604026,269.42376938,315.82389753,180.7876898,205.3970643,152.54604026,152.54604026,152.54604026,152.54604026,270.03316233
2140,LAM,150.26526496,262.53004718,639.49109024,176.55782268,126.71555852,150.26526496,150.26526496,150.26526496,150.26526496,261.93151812
2140,OAS,348.75229607,669.2478707,1425.96915485,822.12110276,305.91344672,348.75229607,348.75229607,348.75229607,348.75229607,669.28551104
2140,SSA,600.50986497,1619.84102216,3234.01865497,2921.72984059,579.68119913,600.50986497,600.50986497,600.50986497,600.50986497,1619.01574101
2140,EUR,148.03958852,264.9610811,336.81389732,182.47283741,185.63340777,148.03958852,148.03958852,148.03958852,148.03958852,246.12049109
2140,NEU,34.00780239,51.97290973,93.18090115,31.24270096,35.90661738,34.00780239,34.00780239,34.00780239,34.00780239,51.98005476
2140,MEA,199.6904638,371.60655316,798.58420064,464.49514943,188.76533944,199.6904638,199.6904638,199.6904638,199.6904638,370.67608689
2140,REF,99.89799693,142.94095432,207.01044201,100.27644695,112.3242061,99.89799693,99.89799693,99.89799693,99.89799693,143.00242285
2140,CAZ,34.28762918,58.66512924,50.42149733,42.9976327,47.68511278,34.28762918,34.28762918,34.28762918,34.28762918,58.51488641
2140,CHA,231.74502739,323.1528443,651.26114608,177.01502061,225.13814748,231.74502739,231.74502739,231.74502739,231.74502739,318.42287457
2140,IND,455.46909753,687.66647003,1387.75810614,330.7455565,448.37040557,455.46909753,455.46909753,455.46909753,455.46909753,687.66628159
2140,JPN,15.96880101,29.37241031,41.08323953,17.8872966,18.961903,15.96880101,15.96880101,15.96880101,15.96880101,29.3567353
2140,USA,150.23816171,270.21920385,319.27043856,179.49802153,203.56344521,150.23816171,150.23816171,150.23816171,150.23816171,270.83037766
2145,LAM,142.37032342,255.75293923,642.05915907,168.82802282,119.08141334,142.37032342,142.37032342,142.37032342,142.37032342,255.15941687
2145,OAS,331.42012201,656.703845,1434.37327996,816.32504262,288.74976771,331.42012201,331.42012201,331.42012201,331.42012201,656.74221305
2145,SSA,580.26534587,1613.47812629,3276.54503885,2954.12588423,559.12937304,580.26534587,580.26534587,580.26534587,580.26534587,1612.66072684
2145,EUR,145.1715959,264.77049006,339.28082236,180.73035959,182.97322107,145.1715959,145.1715959,145.1715959,145.1715959,245.32460028
2145,NEU,33.00693151,51.22014818,93.5832549,30.22558332,34.91428045,33.00693151,33.00693151,33.00693151,33.00693151,51.22720803
2145,MEA,192.28537025,366.84419999,806.51662496,463.77859793,181.30746801,192.28537025,192.28537025,192.28537025,192.28537025,365.91043745
2145,REF,98.20778175,142.32244849,208.17663694,98.97157447,110.88797039,98.20778175,98.20778175,98.20778175,98.20778175,142.38634775
2145,CAZ,33.97700042,58.95079833,50.80203212,42.96284737,47.37440525,33.97700042,33.97700042,33.97700042,33.97700042,58.80002517
2145,CHA,222.87654932,315.16027606,650.64106946,167.23604209,216.24502553,222.87654932,222.87654932,222.87654932,222.87654932,310.55047395
2145,IND,436.82665994,672.96821919,1392.47783922,309.82283456,429.6504534,436.82665994,436.82665994,436.82665994,436.82665994,672.96803482
2145,JPN,15.24685012,28.9016072,40.79988218,17.23157764,18.27125904,15.24685012,15.24685012,15.24685012,15.24685012,28.88618293
2145,USA,148.11628519,270.95187558,322.78386896,178.20874068,201.70680837,148.11628519,148.11628519,148.11628519,148.11628519,271.56470758
2150,LAM,133.43429509,248.21991538,644.90782762,160.31466237,110.4511652,133.43429509,133.43429509,133.43429509,133.43429509,247.63251102
2150,OAS,313.14721074,643.17899688,1443.14746627,810.27524354,269.90947095,313.14721074,313.14721074,313.14721074,313.14721074,643.21815096
2150,SSA,558.49040987,1606.79795899,3323.9802299,2988.78174258,537.17493303,558.49040987,558.49040987,558.49040987,558.49040987,1605.98997366
2150,EUR,142.05542491,264.5420719,341.99244636,178.84043174,180.03345243,142.05542491,142.05542491,142.05542491,142.05542491,244.41427469
2150,NEU,31.93884376,50.44102799,94.01483309,29.13310227,33.85693905,31.93884376,31.93884376,31.93884376,31.93884376,50.44798592
2150,MEA,184.27762954,361.60850192,815.2963554,462.7904927,173.45037991,184.27762954,184.27762954,184.27762954,184.27762954,360.67079794
2150,REF,96.35481365,141.59651487,209.42403106,97.52411354,109.23547537,96.35481365,96.35481365,96.35481365,96.35481365,141.66303103
2150,CAZ,33.60442651,59.29389434,51.21454711,42.92121981,47.00182151,33.60442651,33.60442651,33.60442651,33.60442651,59.14247567
2150,CHA,212.60355765,306.13426737,649.89682329,156.44016761,205.95161249,212.60355765,212.60355765,212.60355765,212.60355765,301.67403096
2150,IND,417.1527,656.5674,1397.9315,286.3566,409.9243,417.1527,417.1527,417.1527,417.1527,656.56721779
2150,JPN,14.5042,28.3498,40.5136,16.5665,17.5671,14.5042,14.5042,14.5042,14.5042,28.33470073
2150,USA,145.5876,271.83384072,326.5446,176.7948,199.5627,145.5876,145.5876,145.5876,145.5876,272.44870828
