Model,Scenario,Region,Variable,Energy consumers,Energy uses,Unit,2020,2025,2030,2035,2040,2045,2050,2055,2060,2070,2080,2090,2100,2110,2130,2150
REMIND,SSP2-NPi2025,EUR,Volume,AGRICULTURE,CH,EJ,0.0,0.0,0.0,0.0,0.0,0.0,0.0,0.0,0.0,0.0,0.0,0.0,0.0,0.0,0.0,0.0
REMIND,SSP2-NPi2025,EUR,Volume,AGRICULTURE,FRE,EJ,0.6512928939707221,0.6458351145088136,0.5967095826274039,0.5247072632120021,0.4526952008302825,0.4073012146134235,0.3764632652944051,0.3586788490271587,0.3549244294795283,0.3609275020002643,0.3686652955864103,0.3685255165426829,0.37273780680981,0.373989529276866,0.3710760136386586,0.3285948612958519
REMIND,SSP2-NPi2025,EUR,Volume,AGRICULTURE,IND,EJ,1.283611137833625,1.3319714860437557,1.278466731585988,1.1958858146376117,1.1479729406542678,1.1185983546541285,1.0699097139773166,1.019722304203555,0.9763632489067549,0.8643388359075419,0.7609132937782824,0.6690899860697318,0.6077004710743291,0.5576521136889887,0.4261416299467022,0.2794964209873438
REMIND,SSP2-NPi2025,EUR,Volume,AGRICULTURE,PAS,EJ,0.0,0.0,0.0,0.0,0.0,0.0,0.0,0.0,0.0,0.0,0.0,0.0,0.0,0.0,0.0,0.0
REMIND,SSP2-NPi2025,EUR,Volume,AGRICULTURE,PE,EJ,0.0,0.0,0.0,0.0,0.0,0.0,0.0,0.0,0.0,0.0,0.0,0.0,0.0,0.0,0.0,0.0
REMIND,SSP2-NPi2025,EUR,Volume,AGRICULTURE,R&C,EJ,0.0,0.0,0.0,0.0,0.0,0.0,0.0,0.0,0.0,0.0,0.0,0.0,0.0,0.0,0.0,0.0
REMIND,SSP2-NPi2025,EUR,Volume,AGRICULTURE,ST,EJ,0.0,0.0,0.0,0.0,0.0,0.0,0.0,0.0,0.0,0.0,0.0,0.0,0.0,0.0,0.0,0.0
REMIND,SSP2-NPi2025,EUR,Volume,MANUFACTURE,CH,EJ,0.0,0.0,0.0,0.0,0.0,0.0,0.0,0.0,0.0,0.0,0.0,0.0,0.0,0.0,0.0,0.0
REMIND,SSP2-NPi2025,EUR,Volume,MANUFACTURE,FRE,EJ,4.75391555774848,4.71407814675426,4.355501180145746,3.8299420198484406,3.304311743714336,2.9729720664319874,2.7478797793920324,2.618067810059938,2.59066355974027,2.6344811725452115,2.6909608572651864,2.689940582398418,2.720686921595462,2.7298234912789447,2.708557164794443,2.398478837665281
REMIND,SSP2-NPi2025,EUR,Volume,MANUFACTURE,IND,EJ,7.882902567222683,8.179892755155155,7.851309780263249,7.344164506255556,7.049922343505429,6.869527368293228,6.570521073260931,6.262310549304632,5.996034261854876,5.30807082277667,4.672914701474136,4.109010130430728,3.732005326487884,3.424648749959553,2.6170176073547937,1.7164412099517454
REMIND,SSP2-NPi2025,EUR,Volume,MANUFACTURE,PAS,EJ,0.6063169455544173,0.6012360607428555,0.5555029616797303,0.4884728638774619,0.4214336959231419,0.3791744553812322,0.3504660641008113,0.3339097757558169,0.3304146229397455,0.3360031448296802,0.3432065941777604,0.3430764677728357,0.3469978724007633,0.348163155409273,0.3454508366983885,0.3059032801833926
REMIND,SSP2-NPi2025,EUR,Volume,MANUFACTURE,PE,EJ,0.0,0.0,0.0,0.0,0.0,0.0,0.0,0.0,0.0,0.0,0.0,0.0,0.0,0.0,0.0,0.0
REMIND,SSP2-NPi2025,EUR,Volume,MANUFACTURE,R&C,EJ,0.0,0.0,0.0,0.0,0.0,0.0,0.0,0.0,0.0,0.0,0.0,0.0,0.0,0.0,0.0,0.0
REMIND,SSP2-NPi2025,EUR,Volume,MANUFACTURE,ST,EJ,0.4837450378655868,0.4450080038547853,0.3890611982964688,0.3568114158355642,0.3197876139933782,0.294799047164026,0.2775505411406174,0.2642036983573199,0.2609245166625332,0.2495375925424282,0.23902499087745,0.2212765829389352,0.1990828927679256,0.2038607111441321,0.2022217598260352,0.162696692089057
REMIND,SSP2-NPi2025,EUR,Volume,SERVICES,CH,EJ,0.0,0.0,0.0,0.0,0.0,0.0,0.0,0.0,0.0,0.0,0.0,0.0,0.0,0.0,0.0,0.0
REMIND,SSP2-NPi2025,EUR,Volume,SERVICES,FRE,EJ,6.727945817778562,6.671566199875414,6.164092650221523,5.42029871623921,4.676404136065149,4.207477970053973,3.888917681633133,3.705202197932135,3.6664185239085074,3.728431094648336,3.808363574303312,3.8069196374181327,3.850433179402612,3.863363645887368,3.833266625737796,3.394430437158026
REMIND,SSP2-NPi2025,EUR,Volume,SERVICES,IND,EJ,0.0,0.0,0.0,0.0,0.0,0.0,0.0,0.0,0.0,0.0,0.0,0.0,0.0,0.0,0.0,0.0
REMIND,SSP2-NPi2025,EUR,Volume,SERVICES,PAS,EJ,0.0,0.0,0.0,0.0,0.0,0.0,0.0,0.0,0.0,0.0,0.0,0.0,0.0,0.0,0.0,0.0
REMIND,SSP2-NPi2025,EUR,Volume,SERVICES,PE,EJ,0.0,0.0,0.0,0.0,0.0,0.0,0.0,0.0,0.0,0.0,0.0,0.0,0.0,0.0,0.0,0.0
REMIND,SSP2-NPi2025,EUR,Volume,SERVICES,R&C,EJ,5.913756444054853,5.969310147391526,5.956050155515758,5.950738475268475,5.616909487882162,5.305159678887404,4.961304839057948,4.634592884348155,4.565292388087171,4.329243071432197,4.304740291831952,4.297789993060011,4.194555342505887,4.301053021363824,4.429359710428675,3.671755393458661
REMIND,SSP2-NPi2025,EUR,Volume,SERVICES,ST,EJ,0.0,0.0,0.0,0.0,0.0,0.0,0.0,0.0,0.0,0.0,0.0,0.0,0.0,0.0,0.0,0.0
REMIND,SSP2-NPi2025,EUR,Volume,STEEL,CH,EJ,0.0,0.0,0.0,0.0,0.0,0.0,0.0,0.0,0.0,0.0,0.0,0.0,0.0,0.0,0.0,0.0
REMIND,SSP2-NPi2025,EUR,Volume,STEEL,FRE,EJ,0.0,0.0,0.0,0.0,0.0,0.0,0.0,0.0,0.0,0.0,0.0,0.0,0.0,0.0,0.0,0.0
REMIND,SSP2-NPi2025,EUR,Volume,STEEL,IND,EJ,0.0,0.0,0.0,0.0,0.0,0.0,0.0,0.0,0.0,0.0,0.0,0.0,0.0,0.0,0.0,0.0
REMIND,SSP2-NPi2025,EUR,Volume,STEEL,PAS,EJ,0.0,0.0,0.0,0.0,0.0,0.0,0.0,0.0,0.0,0.0,0.0,0.0,0.0,0.0,0.0,0.0
REMIND,SSP2-NPi2025,EUR,Volume,STEEL,PE,EJ,0.0,0.0,0.0,0.0,0.0,0.0,0.0,0.0,0.0,0.0,0.0,0.0,0.0,0.0,0.0,0.0
REMIND,SSP2-NPi2025,EUR,Volume,STEEL,R&C,EJ,0.0,0.0,0.0,0.0,0.0,0.0,0.0,0.0,0.0,0.0,0.0,0.0,0.0,0.0,0.0,0.0
REMIND,SSP2-NPi2025,EUR,Volume,STEEL,ST,EJ,2.0502214496635407,1.8860450926807144,1.648929811246681,1.51224790120567,1.3553326116559012,1.249425384295103,1.1763222943287948,1.1197553402152376,1.1058574226724354,1.057597049440003,1.0130422535491648,0.9378204656141896,0.8437585609452393,0.8640080414581887,0.8570617931573423,0.6895455700839112
REMIND,SSP2-NPi2025,EUR,Volume,CHEMICAL,CH,EJ,5.918944838373178,6.447351168705819,6.246538101248035,6.401367420100095,6.217452659708924,6.186920251790485,6.083775643293858,5.974642134384077,5.9596266179561646,5.529557122342316,5.077872738893368,4.7051467689222655,4.339784214855853,4.104118820328466,3.5441926240314365,2.32837945015833
REMIND,SSP2-NPi2025,EUR,Volume,CHEMICAL,FRE,EJ,0.0,0.0,0.0,0.0,0.0,0.0,0.0,0.0,0.0,0.0,0.0,0.0,0.0,0.0,0.0,0.0
REMIND,SSP2-NPi2025,EUR,Volume,CHEMICAL,IND,EJ,0.0,0.0,0.0,0.0,0.0,0.0,0.0,0.0,0.0,0.0,0.0,0.0,0.0,0.0,0.0,0.0
REMIND,SSP2-NPi2025,EUR,Volume,CHEMICAL,PAS,EJ,0.0,0.0,0.0,0.0,0.0,0.0,0.0,0.0,0.0,0.0,0.0,0.0,0.0,0.0,0.0,0.0
REMIND,SSP2-NPi2025,EUR,Volume,CHEMICAL,PE,EJ,0.0,0.0,0.0,0.0,0.0,0.0,0.0,0.0,0.0,0.0,0.0,0.0,0.0,0.0,0.0,0.0
REMIND,SSP2-NPi2025,EUR,Volume,CHEMICAL,R&C,EJ,0.0,0.0,0.0,0.0,0.0,0.0,0.0,0.0,0.0,0.0,0.0,0.0,0.0,0.0,0.0,0.0
REMIND,SSP2-NPi2025,EUR,Volume,CHEMICAL,ST,EJ,0.0,0.0,0.0,0.0,0.0,0.0,0.0,0.0,0.0,0.0,0.0,0.0,0.0,0.0,0.0,0.0
REMIND,SSP2-NPi2025,EUR,Volume,ENERGY,CH,EJ,0.4288332667371805,0.4671168154082361,0.4525677148382932,0.4637852484364387,0.4504604465243789,0.4482483440996138,0.4407754176548232,0.4328685895943785,0.4317807009356126,0.4006217508584924,0.3678967812941841,0.3408924250000945,0.3144215552957566,0.297347369988792,0.2567801766044092,0.1686933386068776
REMIND,SSP2-NPi2025,EUR,Volume,ENERGY,FRE,EJ,6.590793369385209,6.535563077419625,6.038434622942627,5.309803290132908,4.5810733628530205,4.121706484851297,3.809640202877768,3.629669848682834,3.591676798721007,3.652425213039472,3.7307282302124727,3.72931372868312,3.771940225946509,3.784607098581778,3.755123620829048,3.325233321431125
REMIND,SSP2-NPi2025,EUR,Volume,ENERGY,IND,EJ,0.0,0.0,0.0,0.0,0.0,0.0,0.0,0.0,0.0,0.0,0.0,0.0,0.0,0.0,0.0,0.0
REMIND,SSP2-NPi2025,EUR,Volume,ENERGY,PAS,EJ,5.084373924890083,5.041767300680276,4.658264616010383,4.096172324268394,3.5340039732228927,3.1796319203348213,2.938892819899085,2.8000572465715434,2.770748047856522,2.8176115491724536,2.8780172995035045,2.8769261023911863,2.909809708210495,2.919581387176463,2.896836777066642,2.56520401203795
REMIND,SSP2-NPi2025,EUR,Volume,ENERGY,PE,EJ,36.77737496122874,32.071689358693774,23.520008373306798,18.91430873827964,14.21157874956435,11.360550618914704,8.566777555974534,6.273323032390853,3.606573663379709,1.9243810978944529,1.4675314617869992,1.1254783624376352,1.1056992699558563,1.0263503989416294,0.4190201592268758,0.0
REMIND,SSP2-NPi2025,EUR,Volume,ENERGY,R&C,EJ,0.0,0.0,0.0,0.0,0.0,0.0,0.0,0.0,0.0,0.0,0.0,0.0,0.0,0.0,0.0,0.0
REMIND,SSP2-NPi2025,EUR,Volume,ENERGY,ST,EJ,0.0,0.0,0.0,0.0,0.0,0.0,0.0,0.0,0.0,0.0,0.0,0.0,0.0,0.0,0.0,0.0
REMIND,SSP2-NPi2025,EUR,Volume,TRANSPORTATION,CH,EJ,0.0,0.0,0.0,0.0,0.0,0.0,0.0,0.0,0.0,0.0,0.0,0.0,0.0,0.0,0.0,0.0
REMIND,SSP2-NPi2025,EUR,Volume,TRANSPORTATION,FRE,EJ,0.0,0.0,0.0,0.0,0.0,0.0,0.0,0.0,0.0,0.0,0.0,0.0,0.0,0.0,0.0,0.0
REMIND,SSP2-NPi2025,EUR,Volume,TRANSPORTATION,IND,EJ,0.0,0.0,0.0,0.0,0.0,0.0,0.0,0.0,0.0,0.0,0.0,0.0,0.0,0.0,0.0,0.0
REMIND,SSP2-NPi2025,EUR,Volume,TRANSPORTATION,PAS,EJ,2.246149983210148,2.2273274359964184,2.0579054852395315,1.8095870864927048,1.5612350866367095,1.4046823247031162,1.298329775817081,1.2369956714995332,1.2240475962450028,1.244750725922119,1.2714364845024777,1.2709544207495516,1.2854815801894477,1.289798464995637,1.2797504617663311,1.13324335182413
REMIND,SSP2-NPi2025,EUR,Volume,TRANSPORTATION,PE,EJ,0.0,0.0,0.0,0.0,0.0,0.0,0.0,0.0,0.0,0.0,0.0,0.0,0.0,0.0,0.0,0.0
REMIND,SSP2-NPi2025,EUR,Volume,TRANSPORTATION,R&C,EJ,0.0,0.0,0.0,0.0,0.0,0.0,0.0,0.0,0.0,0.0,0.0,0.0,0.0,0.0,0.0,0.0
REMIND,SSP2-NPi2025,EUR,Volume,TRANSPORTATION,ST,EJ,0.0,0.0,0.0,0.0,0.0,0.0,0.0,0.0,0.0,0.0,0.0,0.0,0.0,0.0,0.0,0.0
REMIND,SSP2-NPi2025,EUR,Volume,HOUSEHOLDS,CH,EJ,0.0,0.0,0.0,0.0,0.0,0.0,0.0,0.0,0.0,0.0,0.0,0.0,0.0,0.0,0.0,0.0
REMIND,SSP2-NPi2025,EUR,Volume,HOUSEHOLDS,FRE,EJ,0.0,0.0,0.0,0.0,0.0,0.0,0.0,0.0,0.0,0.0,0.0,0.0,0.0,0.0,0.0,0.0
REMIND,SSP2-NPi2025,EUR,Volume,HOUSEHOLDS,IND,EJ,0.0,0.0,0.0,0.0,0.0,0.0,0.0,0.0,0.0,0.0,0.0,0.0,0.0,0.0,0.0,0.0
REMIND,SSP2-NPi2025,EUR,Volume,HOUSEHOLDS,PAS,EJ,10.787159603766716,10.69676411706206,9.883113364949727,8.69056156749338,7.497848400346597,6.746002066837457,6.235242799790894,5.940685100005463,5.87850182846249,5.977928832800535,6.106087477194578,6.103772360803919,6.173539201237061,6.194271087239121,6.146015442983887,5.442413461884453
REMIND,SSP2-NPi2025,EUR,Volume,HOUSEHOLDS,PE,EJ,0.0,0.0,0.0,0.0,0.0,0.0,0.0,0.0,0.0,0.0,0.0,0.0,0.0,0.0,0.0,0.0
REMIND,SSP2-NPi2025,EUR,Volume,HOUSEHOLDS,R&C,EJ,11.650085999999996,11.7595266622277,11.733404510060394,11.722940512722872,11.065298208861469,10.45115183343478,9.773758624325437,9.130136857753763,8.993615046461588,8.528598459240403,8.480328042241936,8.466635970344011,8.263263956546494,8.473064128270279,8.725827997753521,7.23334931180004
REMIND,SSP2-NPi2025,EUR,Volume,HOUSEHOLDS,ST,EJ,0.0,0.0,0.0,0.0,0.0,0.0,0.0,0.0,0.0,0.0,0.0,0.0,0.0,0.0,0.0,0.0
REMIND,SSP2-NPi2025,EUR,Price,AGRICULTURE,CH,M EUR 2020/EJ,8385.95622340978,11394.019001357265,13628.368011675606,13057.970704905889,12011.640222255588,12097.57667139555,12651.758168720726,13737.703439880986,14404.857762739191,13992.060541802206,13669.127513471276,14369.711732070722,16013.079775987895,15316.083945123326,12729.423060762614,10441.877439966842
REMIND,SSP2-NPi2025,EUR,Price,AGRICULTURE,FRE,M EUR 2020/EJ,22437.34017311768,24680.93169214702,26013.6164857638,25174.53930820023,24605.885362233374,24920.474423180294,25638.49178585193,26407.6461213374,26017.169822775468,25467.317292493677,25015.56540840457,24856.620497285214,24511.93181602833,23070.36729128637,23495.323751456606,26212.059952575677
REMIND,SSP2-NPi2025,EUR,Price,AGRICULTURE,IND,M EUR 2020/EJ,9486.78471096017,11174.880985216068,11872.188704265744,11113.692335198715,10637.435776586266,10480.51117465848,10693.397599132002,11207.410230689073,11131.318237385309,10657.92904667196,10301.46213561801,10274.432652687085,10542.7473538592,9983.740165868823,9225.728223984772,9239.859696328676
REMIND,SSP2-NPi2025,EUR,Price,AGRICULTURE,PAS,M EUR 2020/EJ,22437.34017311768,24680.93169214702,26013.6164857638,25174.53930820023,24605.885362233374,24920.474423180294,25638.49178585193,26407.6461213374,26017.169822775468,25467.317292493677,25015.56540840457,24856.620497285214,24511.93181602833,23070.36729128637,23495.323751456606,26212.059952575677
REMIND,SSP2-NPi2025,EUR,Price,AGRICULTURE,PE,M EUR 2020/EJ,4185.686252332838,4907.576453153107,5836.964280266778,6197.914489472353,6603.364244315672,7140.845919918016,7553.801875508489,7888.859931228109,7685.778874759882,6477.701965573122,5600.866646531095,4391.834651692017,4370.375334551804,4571.873878432935,4803.989377866605,
REMIND,SSP2-NPi2025,EUR,Price,AGRICULTURE,R&C,M EUR 2020/EJ,12028.67902941558,13884.474374204752,14796.12585796246,13767.215158007146,13453.704540886176,13747.077851471551,14233.154008499385,14644.816402449807,14260.240382516158,13974.097426067325,13650.167139990206,13300.511057027365,13176.554757934193,12455.767912354531,12380.409972583431,13759.019764692926
REMIND,SSP2-NPi2025,EUR,Price,AGRICULTURE,ST,M EUR 2020/EJ,5892.341367112446,7162.214640638634,7452.953357980266,6935.27593139552,7030.513854014249,7172.793502207226,7423.145742850219,8010.446743178263,8178.122920887009,7471.740941816443,6590.59622419895,7034.718345451113,8364.36325880808,8197.586043406365,6234.10141770052,4451.4212426479935
REMIND,SSP2-NPi2025,EUR,Price,MANUFACTURE,CH,M EUR 2020/EJ,8385.95622340978,11394.019001357265,13628.368011675606,13057.970704905889,12011.640222255588,12097.57667139555,12651.758168720726,13737.703439880986,14404.857762739191,13992.060541802206,13669.127513471276,14369.711732070722,16013.079775987895,15316.083945123326,12729.423060762614,10441.877439966842
REMIND,SSP2-NPi2025,EUR,Price,MANUFACTURE,FRE,M EUR 2020/EJ,22437.34017311768,24680.93169214702,26013.6164857638,25174.53930820023,24605.885362233374,24920.474423180294,25638.49178585193,26407.6461213374,26017.169822775468,25467.317292493677,25015.56540840457,24856.620497285214,24511.93181602833,23070.36729128637,23495.323751456606,26212.059952575677
REMIND,SSP2-NPi2025,EUR,Price,MANUFACTURE,IND,M EUR 2020/EJ,9486.78471096017,11174.880985216068,11872.188704265744,11113.692335198715,10637.435776586266,10480.51117465848,10693.397599132002,11207.410230689073,11131.318237385309,10657.92904667196,10301.46213561801,10274.432652687085,10542.7473538592,9983.740165868823,9225.728223984772,9239.859696328676
REMIND,SSP2-NPi2025,EUR,Price,MANUFACTURE,PAS,M EUR 2020/EJ,22437.34017311768,24680.93169214702,26013.6164857638,25174.53930820023,24605.885362233374,24920.474423180294,25638.49178585193,26407.6461213374,26017.169822775468,25467.317292493677,25015.56540840457,24856.620497285214,24511.93181602833,23070.36729128637,23495.323751456606,26212.059952575677
REMIND,SSP2-NPi2025,EUR,Price,MANUFACTURE,PE,M EUR 2020/EJ,4185.686252332838,4907.576453153107,5836.964280266778,6197.914489472353,6603.364244315672,7140.845919918016,7553.801875508489,7888.859931228109,7685.778874759882,6477.701965573122,5600.866646531095,4391.834651692017,4370.375334551804,4571.873878432935,4803.989377866605,
REMIND,SSP2-NPi2025,EUR,Price,MANUFACTURE,R&C,M EUR 2020/EJ,12028.67902941558,13884.474374204752,14796.12585796246,13767.215158007146,13453.704540886176,13747.077851471551,14233.154008499385,14644.816402449807,14260.240382516158,13974.097426067325,13650.167139990206,13300.511057027365,13176.554757934193,12455.767912354531,12380.409972583431,13759.019764692926
REMIND,SSP2-NPi2025,EUR,Price,MANUFACTURE,ST,M EUR 2020/EJ,5892.341367112446,7162.214640638634,7452.953357980266,6935.27593139552,7030.513854014249,7172.793502207226,7423.145742850219,8010.446743178263,8178.122920887009,7471.740941816443,6590.59622419895,7034.718345451113,8364.36325880808,8197.586043406365,6234.10141770052,4451.4212426479935
REMIND,SSP2-NPi2025,EUR,Price,SERVICES,CH,M EUR 2020/EJ,8385.95622340978,11394.019001357265,13628.368011675606,13057.970704905889,12011.640222255588,12097.57667139555,12651.758168720726,13737.703439880986,14404.857762739191,13992.060541802206,13669.127513471276,14369.711732070722,16013.079775987895,15316.083945123326,12729.423060762614,10441.877439966842
REMIND,SSP2-NPi2025,EUR,Price,SERVICES,FRE,M EUR 2020/EJ,22437.34017311768,24680.93169214702,26013.6164857638,25174.53930820023,24605.885362233374,24920.474423180294,25638.49178585193,26407.6461213374,26017.169822775468,25467.317292493677,25015.56540840457,24856.620497285214,24511.93181602833,23070.36729128637,23495.323751456606,26212.059952575677
REMIND,SSP2-NPi2025,EUR,Price,SERVICES,IND,M EUR 2020/EJ,9486.78471096017,11174.880985216068,11872.188704265744,11113.692335198715,10637.435776586266,10480.51117465848,10693.397599132002,11207.410230689073,11131.318237385309,10657.92904667196,10301.46213561801,10274.432652687085,10542.7473538592,9983.740165868823,9225.728223984772,9239.859696328676
REMIND,SSP2-NPi2025,EUR,Price,SERVICES,PAS,M EUR 2020/EJ,22437.34017311768,24680.93169214702,26013.6164857638,25174.53930820023,24605.885362233374,24920.474423180294,25638.49178585193,26407.6461213374,26017.169822775468,25467.317292493677,25015.56540840457,24856.620497285214,24511.93181602833,23070.36729128637,23495.323751456606,26212.059952575677
REMIND,SSP2-NPi2025,EUR,Price,SERVICES,PE,M EUR 2020/EJ,4185.686252332838,4907.576453153107,5836.964280266778,6197.914489472353,6603.364244315672,7140.845919918016,7553.801875508489,7888.859931228109,7685.778874759882,6477.701965573122,5600.866646531095,4391.834651692017,4370.375334551804,4571.873878432935,4803.989377866605,
REMIND,SSP2-NPi2025,EUR,Price,SERVICES,R&C,M EUR 2020/EJ,12028.67902941558,13884.474374204752,14796.12585796246,13767.215158007146,13453.704540886176,13747.077851471551,14233.154008499385,14644.816402449807,14260.240382516158,13974.097426067325,13650.167139990206,13300.511057027365,13176.554757934193,12455.767912354531,12380.409972583431,13759.019764692926
REMIND,SSP2-NPi2025,EUR,Price,SERVICES,ST,M EUR 2020/EJ,5892.341367112446,7162.214640638634,7452.953357980266,6935.27593139552,7030.513854014249,7172.793502207226,7423.145742850219,8010.446743178263,8178.122920887009,7471.740941816443,6590.59622419895,7034.718345451113,8364.36325880808,8197.586043406365,6234.10141770052,4451.4212426479935
REMIND,SSP2-NPi2025,EUR,Price,STEEL,CH,M EUR 2020/EJ,8385.95622340978,11394.019001357265,13628.368011675606,13057.970704905889,12011.640222255588,12097.57667139555,12651.758168720726,13737.703439880986,14404.857762739191,13992.060541802206,13669.127513471276,14369.711732070722,16013.079775987895,15316.083945123326,12729.423060762614,10441.877439966842
REMIND,SSP2-NPi2025,EUR,Price,STEEL,FRE,M EUR 2020/EJ,22437.34017311768,24680.93169214702,26013.6164857638,25174.53930820023,24605.885362233374,24920.474423180294,25638.49178585193,26407.6461213374,26017.169822775468,25467.317292493677,25015.56540840457,24856.620497285214,24511.93181602833,23070.36729128637,23495.323751456606,26212.059952575677
REMIND,SSP2-NPi2025,EUR,Price,STEEL,IND,M EUR 2020/EJ,9486.78471096017,11174.880985216068,11872.188704265744,11113.692335198715,10637.435776586266,10480.51117465848,10693.397599132002,11207.410230689073,11131.318237385309,10657.92904667196,10301.46213561801,10274.432652687085,10542.7473538592,9983.740165868823,9225.728223984772,9239.859696328676
REMIND,SSP2-NPi2025,EUR,Price,STEEL,PAS,M EUR 2020/EJ,22437.34017311768,24680.93169214702,26013.6164857638,25174.53930820023,24605.885362233374,24920.474423180294,25638.49178585193,26407.6461213374,26017.169822775468,25467.317292493677,25015.56540840457,24856.620497285214,24511.93181602833,23070.36729128637,23495.323751456606,26212.059952575677
REMIND,SSP2-NPi2025,EUR,Price,STEEL,PE,M EUR 2020/EJ,4185.686252332838,4907.576453153107,5836.964280266778,6197.914489472353,6603.364244315672,7140.845919918016,7553.801875508489,7888.859931228109,7685.778874759882,6477.701965573122,5600.866646531095,4391.834651692017,4370.375334551804,4571.873878432935,4803.989377866605,
REMIND,SSP2-NPi2025,EUR,Price,STEEL,R&C,M EUR 2020/EJ,12028.67902941558,13884.474374204752,14796.12585796246,13767.215158007146,13453.704540886176,13747.077851471551,14233.154008499385,14644.816402449807,14260.240382516158,13974.097426067325,13650.167139990206,13300.511057027365,13176.554757934193,12455.767912354531,12380.409972583431,13759.019764692926
REMIND,SSP2-NPi2025,EUR,Price,STEEL,ST,M EUR 2020/EJ,5892.341367112446,7162.214640638634,7452.953357980266,6935.27593139552,7030.513854014249,7172.793502207226,7423.145742850219,8010.446743178263,8178.122920887009,7471.740941816443,6590.59622419895,7034.718345451113,8364.36325880808,8197.586043406365,6234.10141770052,4451.4212426479935
REMIND,SSP2-NPi2025,EUR,Price,CHEMICAL,CH,M EUR 2020/EJ,8385.95622340978,11394.019001357265,13628.368011675606,13057.970704905889,12011.640222255588,12097.57667139555,12651.758168720726,13737.703439880986,14404.857762739191,13992.060541802206,13669.127513471276,14369.711732070722,16013.079775987895,15316.083945123326,12729.423060762614,10441.877439966842
REMIND,SSP2-NPi2025,EUR,Price,CHEMICAL,FRE,M EUR 2020/EJ,22437.34017311768,24680.93169214702,26013.6164857638,25174.53930820023,24605.885362233374,24920.474423180294,25638.49178585193,26407.6461213374,26017.169822775468,25467.317292493677,25015.56540840457,24856.620497285214,24511.93181602833,23070.36729128637,23495.323751456606,26212.059952575677
REMIND,SSP2-NPi2025,EUR,Price,CHEMICAL,IND,M EUR 2020/EJ,9486.78471096017,11174.880985216068,11872.188704265744,11113.692335198715,10637.435776586266,10480.51117465848,10693.397599132002,11207.410230689073,11131.318237385309,10657.92904667196,10301.46213561801,10274.432652687085,10542.7473538592,9983.740165868823,9225.728223984772,9239.859696328676
REMIND,SSP2-NPi2025,EUR,Price,CHEMICAL,PAS,M EUR 2020/EJ,22437.34017311768,24680.93169214702,26013.6164857638,25174.53930820023,24605.885362233374,24920.474423180294,25638.49178585193,26407.6461213374,26017.169822775468,25467.317292493677,25015.56540840457,24856.620497285214,24511.93181602833,23070.36729128637,23495.323751456606,26212.059952575677
REMIND,SSP2-NPi2025,EUR,Price,CHEMICAL,PE,M EUR 2020/EJ,4185.686252332838,4907.576453153107,5836.964280266778,6197.914489472353,6603.364244315672,7140.845919918016,7553.801875508489,7888.859931228109,7685.778874759882,6477.701965573122,5600.866646531095,4391.834651692017,4370.375334551804,4571.873878432935,4803.989377866605,
REMIND,SSP2-NPi2025,EUR,Price,CHEMICAL,R&C,M EUR 2020/EJ,12028.67902941558,13884.474374204752,14796.12585796246,13767.215158007146,13453.704540886176,13747.077851471551,14233.154008499385,14644.816402449807,14260.240382516158,13974.097426067325,13650.167139990206,13300.511057027365,13176.554757934193,12455.767912354531,12380.409972583431,13759.019764692926
REMIND,SSP2-NPi2025,EUR,Price,CHEMICAL,ST,M EUR 2020/EJ,5892.341367112446,7162.214640638634,7452.953357980266,6935.27593139552,7030.513854014249,7172.793502207226,7423.145742850219,8010.446743178263,8178.122920887009,7471.740941816443,6590.59622419895,7034.718345451113,8364.36325880808,8197.586043406365,6234.10141770052,4451.4212426479935
REMIND,SSP2-NPi2025,EUR,Price,ENERGY,CH,M EUR 2020/EJ,8385.95622340978,11394.019001357265,13628.368011675606,13057.970704905889,12011.640222255588,12097.57667139555,12651.758168720726,13737.703439880986,14404.857762739191,13992.060541802206,13669.127513471276,14369.711732070722,16013.079775987895,15316.083945123326,12729.423060762614,10441.877439966842
REMIND,SSP2-NPi2025,EUR,Price,ENERGY,FRE,M EUR 2020/EJ,22437.34017311768,24680.93169214702,26013.6164857638,25174.53930820023,24605.885362233374,24920.474423180294,25638.49178585193,26407.6461213374,26017.169822775468,25467.317292493677,25015.56540840457,24856.620497285214,24511.93181602833,23070.36729128637,23495.323751456606,26212.059952575677
REMIND,SSP2-NPi2025,EUR,Price,ENERGY,IND,M EUR 2020/EJ,9486.78471096017,11174.880985216068,11872.188704265744,11113.692335198715,10637.435776586266,10480.51117465848,10693.397599132002,11207.410230689073,11131.318237385309,10657.92904667196,10301.46213561801,10274.432652687085,10542.7473538592,9983.740165868823,9225.728223984772,9239.859696328676
REMIND,SSP2-NPi2025,EUR,Price,ENERGY,PAS,M EUR 2020/EJ,22437.34017311768,24680.93169214702,26013.6164857638,25174.53930820023,24605.885362233374,24920.474423180294,25638.49178585193,26407.6461213374,26017.169822775468,25467.317292493677,25015.56540840457,24856.620497285214,24511.93181602833,23070.36729128637,23495.323751456606,26212.059952575677
REMIND,SSP2-NPi2025,EUR,Price,ENERGY,PE,M EUR 2020/EJ,4185.686252332838,4907.576453153107,5836.964280266778,6197.914489472353,6603.364244315672,7140.845919918016,7553.801875508489,7888.859931228109,7685.778874759882,6477.701965573122,5600.866646531095,4391.834651692017,4370.375334551804,4571.873878432935,4803.989377866605,
REMIND,SSP2-NPi2025,EUR,Price,ENERGY,R&C,M EUR 2020/EJ,12028.67902941558,13884.474374204752,14796.12585796246,13767.215158007146,13453.704540886176,13747.077851471551,14233.154008499385,14644.816402449807,14260.240382516158,13974.097426067325,13650.167139990206,13300.511057027365,13176.554757934193,12455.767912354531,12380.409972583431,13759.019764692926
REMIND,SSP2-NPi2025,EUR,Price,ENERGY,ST,M EUR 2020/EJ,5892.341367112446,7162.214640638634,7452.953357980266,6935.27593139552,7030.513854014249,7172.793502207226,7423.145742850219,8010.446743178263,8178.122920887009,7471.740941816443,6590.59622419895,7034.718345451113,8364.36325880808,8197.586043406365,6234.10141770052,4451.4212426479935
REMIND,SSP2-NPi2025,EUR,Price,TRANSPORTATION,CH,M EUR 2020/EJ,8385.95622340978,11394.019001357265,13628.368011675606,13057.970704905889,12011.640222255588,12097.57667139555,12651.758168720726,13737.703439880986,14404.857762739191,13992.060541802206,13669.127513471276,14369.711732070722,16013.079775987895,15316.083945123326,12729.423060762614,10441.877439966842
REMIND,SSP2-NPi2025,EUR,Price,TRANSPORTATION,FRE,M EUR 2020/EJ,22437.34017311768,24680.93169214702,26013.6164857638,25174.53930820023,24605.885362233374,24920.474423180294,25638.49178585193,26407.6461213374,26017.169822775468,25467.317292493677,25015.56540840457,24856.620497285214,24511.93181602833,23070.36729128637,23495.323751456606,26212.059952575677
REMIND,SSP2-NPi2025,EUR,Price,TRANSPORTATION,IND,M EUR 2020/EJ,9486.78471096017,11174.880985216068,11872.188704265744,11113.692335198715,10637.435776586266,10480.51117465848,10693.397599132002,11207.410230689073,11131.318237385309,10657.92904667196,10301.46213561801,10274.432652687085,10542.7473538592,9983.740165868823,9225.728223984772,9239.859696328676
REMIND,SSP2-NPi2025,EUR,Price,TRANSPORTATION,PAS,M EUR 2020/EJ,22437.34017311768,24680.93169214702,26013.6164857638,25174.53930820023,24605.885362233374,24920.474423180294,25638.49178585193,26407.6461213374,26017.169822775468,25467.317292493677,25015.56540840457,24856.620497285214,24511.93181602833,23070.36729128637,23495.323751456606,26212.059952575677
REMIND,SSP2-NPi2025,EUR,Price,TRANSPORTATION,PE,M EUR 2020/EJ,4185.686252332838,4907.576453153107,5836.964280266778,6197.914489472353,6603.364244315672,7140.845919918016,7553.801875508489,7888.859931228109,7685.778874759882,6477.701965573122,5600.866646531095,4391.834651692017,4370.375334551804,4571.873878432935,4803.989377866605,
REMIND,SSP2-NPi2025,EUR,Price,TRANSPORTATION,R&C,M EUR 2020/EJ,12028.67902941558,13884.474374204752,14796.12585796246,13767.215158007146,13453.704540886176,13747.077851471551,14233.154008499385,14644.816402449807,14260.240382516158,13974.097426067325,13650.167139990206,13300.511057027365,13176.554757934193,12455.767912354531,12380.409972583431,13759.019764692926
REMIND,SSP2-NPi2025,EUR,Price,TRANSPORTATION,ST,M EUR 2020/EJ,5892.341367112446,7162.214640638634,7452.953357980266,6935.27593139552,7030.513854014249,7172.793502207226,7423.145742850219,8010.446743178263,8178.122920887009,7471.740941816443,6590.59622419895,7034.718345451113,8364.36325880808,8197.586043406365,6234.10141770052,4451.4212426479935
REMIND,SSP2-NPi2025,EUR,Price,HOUSEHOLDS,CH,M EUR 2020/EJ,8385.95622340978,11394.019001357265,13628.368011675606,13057.970704905889,12011.640222255588,12097.57667139555,12651.758168720726,13737.703439880986,14404.857762739191,13992.060541802206,13669.127513471276,14369.711732070722,16013.079775987895,15316.083945123326,12729.423060762614,10441.877439966842
REMIND,SSP2-NPi2025,EUR,Price,HOUSEHOLDS,FRE,M EUR 2020/EJ,22437.34017311768,24680.93169214702,26013.6164857638,25174.53930820023,24605.885362233374,24920.474423180294,25638.49178585193,26407.6461213374,26017.169822775468,25467.317292493677,25015.56540840457,24856.620497285214,24511.93181602833,23070.36729128637,23495.323751456606,26212.059952575677
REMIND,SSP2-NPi2025,EUR,Price,HOUSEHOLDS,IND,M EUR 2020/EJ,9486.78471096017,11174.880985216068,11872.188704265744,11113.692335198715,10637.435776586266,10480.51117465848,10693.397599132002,11207.410230689073,11131.318237385309,10657.92904667196,10301.46213561801,10274.432652687085,10542.7473538592,9983.740165868823,9225.728223984772,9239.859696328676
REMIND,SSP2-NPi2025,EUR,Price,HOUSEHOLDS,PAS,M EUR 2020/EJ,22437.34017311768,24680.93169214702,26013.6164857638,25174.53930820023,24605.885362233374,24920.474423180294,25638.49178585193,26407.6461213374,26017.169822775468,25467.317292493677,25015.56540840457,24856.620497285214,24511.93181602833,23070.36729128637,23495.323751456606,26212.059952575677
REMIND,SSP2-NPi2025,EUR,Price,HOUSEHOLDS,PE,M EUR 2020/EJ,4185.686252332838,4907.576453153107,5836.964280266778,6197.914489472353,6603.364244315672,7140.845919918016,7553.801875508489,7888.859931228109,7685.778874759882,6477.701965573122,5600.866646531095,4391.834651692017,4370.375334551804,4571.873878432935,4803.989377866605,
REMIND,SSP2-NPi2025,EUR,Price,HOUSEHOLDS,R&C,M EUR 2020/EJ,12028.67902941558,13884.474374204752,14796.12585796246,13767.215158007146,13453.704540886176,13747.077851471551,14233.154008499385,14644.816402449807,14260.240382516158,13974.097426067325,13650.167139990206,13300.511057027365,13176.554757934193,12455.767912354531,12380.409972583431,13759.019764692926
REMIND,SSP2-NPi2025,EUR,Price,HOUSEHOLDS,ST,M EUR 2020/EJ,5892.341367112446,7162.214640638634,7452.953357980266,6935.27593139552,7030.513854014249,7172.793502207226,7423.145742850219,8010.446743178263,8178.122920887009,7471.740941816443,6590.59622419895,7034.718345451113,8364.36325880808,8197.586043406365,6234.10141770052,4451.4212426479935
REMIND,SSP2-NPi2025,EUR,Rho,AGRICULTURE,CH,,2.003484188222654,2.3217201219629766,2.3348383435803246,2.1068329882714387,1.819018272783526,1.694137754415298,1.6748861536521389,1.7414054197489537,1.8742222483195277,2.160034625885145,2.440537933881584,3.2719154685239764,3.664005617409995,3.3500670299271462,2.649760867376356,
REMIND,SSP2-NPi2025,EUR,Rho,AGRICULTURE,FRE,,5.360492597984982,5.0291486903458384,4.456703045743986,4.061775836204448,3.7262650448844594,3.489849060273017,3.394117585871427,3.347460387375182,3.385105172387397,3.931535817461837,4.466374043006004,5.659735046652734,5.608655993969019,5.046151294793375,4.890794276046173,
REMIND,SSP2-NPi2025,EUR,Rho,AGRICULTURE,IND,,2.266482516617874,2.277067120989268,2.0339663109473625,1.793134183131471,1.610911557051122,1.4676848222456542,1.415631198086218,1.4206628496881353,1.4483006106174334,1.6453256267910108,1.839262168828504,2.339439771196466,2.4123208069817634,2.183730442120348,1.920430604299506,
REMIND,SSP2-NPi2025,EUR,Rho,AGRICULTURE,PAS,,5.360492597984982,5.0291486903458384,4.456703045743986,4.061775836204448,3.7262650448844594,3.489849060273017,3.394117585871427,3.347460387375182,3.385105172387397,3.931535817461837,4.466374043006004,5.659735046652734,5.608655993969019,5.046151294793375,4.890794276046173,
REMIND,SSP2-NPi2025,EUR,Rho,AGRICULTURE,R&C,,2.8737650899447016,2.829191660434349,2.5349008744124446,2.221265746952761,2.037401549137235,1.9251329612261652,1.884237135560465,1.856391992013725,1.8554060186856047,2.157261556696357,2.437152676799484,3.028463526490723,3.014970969143429,2.7244338412554585,2.577110188799257,
REMIND,SSP2-NPi2025,EUR,Rho,AGRICULTURE,ST,,1.4077360346414942,1.4594198804660348,1.276854371574059,1.1189692828411288,1.064686664841528,1.0044739212479152,0.982703261905519,1.0154124693568016,1.0640590959159633,1.153455497262195,1.176710077230788,1.6017721301827443,1.9138775547903537,1.7930472846324856,1.2976925899176346,
REMIND,SSP2-NPi2025,EUR,Rho,MANUFACTURE,CH,,2.003484188222654,2.3217201219629766,2.3348383435803246,2.1068329882714387,1.819018272783526,1.694137754415298,1.6748861536521389,1.7414054197489537,1.8742222483195277,2.160034625885145,2.440537933881584,3.2719154685239764,3.664005617409995,3.3500670299271462,2.649760867376356,
REMIND,SSP2-NPi2025,EUR,Rho,MANUFACTURE,FRE,,5.360492597984982,5.0291486903458384,4.456703045743986,4.061775836204448,3.7262650448844594,3.489849060273017,3.394117585871427,3.347460387375182,3.385105172387397,3.931535817461837,4.466374043006004,5.659735046652734,5.608655993969019,5.046151294793375,4.890794276046173,
REMIND,SSP2-NPi2025,EUR,Rho,MANUFACTURE,IND,,2.266482516617874,2.277067120989268,2.0339663109473625,1.793134183131471,1.610911557051122,1.4676848222456542,1.415631198086218,1.4206628496881353,1.4483006106174334,1.6453256267910108,1.839262168828504,2.339439771196466,2.4123208069817634,2.183730442120348,1.920430604299506,
REMIND,SSP2-NPi2025,EUR,Rho,MANUFACTURE,PAS,,5.360492597984982,5.0291486903458384,4.456703045743986,4.061775836204448,3.7262650448844594,3.489849060273017,3.394117585871427,3.347460387375182,3.385105172387397,3.931535817461837,4.466374043006004,5.659735046652734,5.608655993969019,5.046151294793375,4.890794276046173,
REMIND,SSP2-NPi2025,EUR,Rho,MANUFACTURE,R&C,,2.8737650899447016,2.829191660434349,2.5349008744124446,2.221265746952761,2.037401549137235,1.9251329612261652,1.884237135560465,1.856391992013725,1.8554060186856047,2.157261556696357,2.437152676799484,3.028463526490723,3.014970969143429,2.7244338412554585,2.577110188799257,
REMIND,SSP2-NPi2025,EUR,Rho,MANUFACTURE,ST,,1.4077360346414942,1.4594198804660348,1.276854371574059,1.1189692828411288,1.064686664841528,1.0044739212479152,0.982703261905519,1.0154124693568016,1.0640590959159633,1.153455497262195,1.176710077230788,1.6017721301827443,1.9138775547903537,1.7930472846324856,1.2976925899176346,
REMIND,SSP2-NPi2025,EUR,Rho,SERVICES,CH,,2.003484188222654,2.3217201219629766,2.3348383435803246,2.1068329882714387,1.819018272783526,1.694137754415298,1.6748861536521389,1.7414054197489537,1.8742222483195277,2.160034625885145,2.440537933881584,3.2719154685239764,3.664005617409995,3.3500670299271462,2.649760867376356,
REMIND,SSP2-NPi2025,EUR,Rho,SERVICES,FRE,,5.360492597984982,5.0291486903458384,4.456703045743986,4.061775836204448,3.7262650448844594,3.489849060273017,3.394117585871427,3.347460387375182,3.385105172387397,3.931535817461837,4.466374043006004,5.659735046652734,5.608655993969019,5.046151294793375,4.890794276046173,
REMIND,SSP2-NPi2025,EUR,Rho,SERVICES,IND,,2.266482516617874,2.277067120989268,2.0339663109473625,1.793134183131471,1.610911557051122,1.4676848222456542,1.415631198086218,1.4206628496881353,1.4483006106174334,1.6453256267910108,1.839262168828504,2.339439771196466,2.4123208069817634,2.183730442120348,1.920430604299506,
REMIND,SSP2-NPi2025,EUR,Rho,SERVICES,PAS,,5.360492597984982,5.0291486903458384,4.456703045743986,4.061775836204448,3.7262650448844594,3.489849060273017,3.394117585871427,3.347460387375182,3.385105172387397,3.931535817461837,4.466374043006004,5.659735046652734,5.608655993969019,5.046151294793375,4.890794276046173,
REMIND,SSP2-NPi2025,EUR,Rho,SERVICES,R&C,,2.8737650899447016,2.829191660434349,2.5349008744124446,2.221265746952761,2.037401549137235,1.9251329612261652,1.884237135560465,1.856391992013725,1.8554060186856047,2.157261556696357,2.437152676799484,3.028463526490723,3.014970969143429,2.7244338412554585,2.577110188799257,
REMIND,SSP2-NPi2025,EUR,Rho,SERVICES,ST,,1.4077360346414942,1.4594198804660348,1.276854371574059,1.1189692828411288,1.064686664841528,1.0044739212479152,0.982703261905519,1.0154124693568016,1.0640590959159633,1.153455497262195,1.176710077230788,1.6017721301827443,1.9138775547903537,1.7930472846324856,1.2976925899176346,
REMIND,SSP2-NPi2025,EUR,Rho,STEEL,CH,,2.003484188222654,2.3217201219629766,2.3348383435803246,2.1068329882714387,1.819018272783526,1.694137754415298,1.6748861536521389,1.7414054197489537,1.8742222483195277,2.160034625885145,2.440537933881584,3.2719154685239764,3.664005617409995,3.3500670299271462,2.649760867376356,
REMIND,SSP2-NPi2025,EUR,Rho,STEEL,FRE,,5.360492597984982,5.0291486903458384,4.456703045743986,4.061775836204448,3.7262650448844594,3.489849060273017,3.394117585871427,3.347460387375182,3.385105172387397,3.931535817461837,4.466374043006004,5.659735046652734,5.608655993969019,5.046151294793375,4.890794276046173,
REMIND,SSP2-NPi2025,EUR,Rho,STEEL,IND,,2.266482516617874,2.277067120989268,2.0339663109473625,1.793134183131471,1.610911557051122,1.4676848222456542,1.415631198086218,1.4206628496881353,1.4483006106174334,1.6453256267910108,1.839262168828504,2.339439771196466,2.4123208069817634,2.183730442120348,1.920430604299506,
REMIND,SSP2-NPi2025,EUR,Rho,STEEL,PAS,,5.360492597984982,5.0291486903458384,4.456703045743986,4.061775836204448,3.7262650448844594,3.489849060273017,3.394117585871427,3.347460387375182,3.385105172387397,3.931535817461837,4.466374043006004,5.659735046652734,5.608655993969019,5.046151294793375,4.890794276046173,
REMIND,SSP2-NPi2025,EUR,Rho,STEEL,R&C,,2.8737650899447016,2.829191660434349,2.5349008744124446,2.221265746952761,2.037401549137235,1.9251329612261652,1.884237135560465,1.856391992013725,1.8554060186856047,2.157261556696357,2.437152676799484,3.028463526490723,3.014970969143429,2.7244338412554585,2.577110188799257,
REMIND,SSP2-NPi2025,EUR,Rho,STEEL,ST,,1.4077360346414942,1.4594198804660348,1.276854371574059,1.1189692828411288,1.064686664841528,1.0044739212479152,0.982703261905519,1.0154124693568016,1.0640590959159633,1.153455497262195,1.176710077230788,1.6017721301827443,1.9138775547903537,1.7930472846324856,1.2976925899176346,
REMIND,SSP2-NPi2025,EUR,Rho,CHEMICAL,CH,,2.003484188222654,2.3217201219629766,2.3348383435803246,2.1068329882714387,1.819018272783526,1.694137754415298,1.6748861536521389,1.7414054197489537,1.8742222483195277,2.160034625885145,2.440537933881584,3.2719154685239764,3.664005617409995,3.3500670299271462,2.649760867376356,
REMIND,SSP2-NPi2025,EUR,Rho,CHEMICAL,FRE,,5.360492597984982,5.0291486903458384,4.456703045743986,4.061775836204448,3.7262650448844594,3.489849060273017,3.394117585871427,3.347460387375182,3.385105172387397,3.931535817461837,4.466374043006004,5.659735046652734,5.608655993969019,5.046151294793375,4.890794276046173,
REMIND,SSP2-NPi2025,EUR,Rho,CHEMICAL,IND,,2.266482516617874,2.277067120989268,2.0339663109473625,1.793134183131471,1.610911557051122,1.4676848222456542,1.415631198086218,1.4206628496881353,1.4483006106174334,1.6453256267910108,1.839262168828504,2.339439771196466,2.4123208069817634,2.183730442120348,1.920430604299506,
REMIND,SSP2-NPi2025,EUR,Rho,CHEMICAL,PAS,,5.360492597984982,5.0291486903458384,4.456703045743986,4.061775836204448,3.7262650448844594,3.489849060273017,3.394117585871427,3.347460387375182,3.385105172387397,3.931535817461837,4.466374043006004,5.659735046652734,5.608655993969019,5.046151294793375,4.890794276046173,
REMIND,SSP2-NPi2025,EUR,Rho,CHEMICAL,R&C,,2.8737650899447016,2.829191660434349,2.5349008744124446,2.221265746952761,2.037401549137235,1.9251329612261652,1.884237135560465,1.856391992013725,1.8554060186856047,2.157261556696357,2.437152676799484,3.028463526490723,3.014970969143429,2.7244338412554585,2.577110188799257,
REMIND,SSP2-NPi2025,EUR,Rho,CHEMICAL,ST,,1.4077360346414942,1.4594198804660348,1.276854371574059,1.1189692828411288,1.064686664841528,1.0044739212479152,0.982703261905519,1.0154124693568016,1.0640590959159633,1.153455497262195,1.176710077230788,1.6017721301827443,1.9138775547903537,1.7930472846324856,1.2976925899176346,
REMIND,SSP2-NPi2025,EUR,Rho,ENERGY,CH,,2.003484188222654,2.3217201219629766,2.3348383435803246,2.1068329882714387,1.819018272783526,1.694137754415298,1.6748861536521389,1.7414054197489537,1.8742222483195277,2.160034625885145,2.440537933881584,3.2719154685239764,3.664005617409995,3.3500670299271462,2.649760867376356,
REMIND,SSP2-NPi2025,EUR,Rho,ENERGY,FRE,,5.360492597984982,5.0291486903458384,4.456703045743986,4.061775836204448,3.7262650448844594,3.489849060273017,3.394117585871427,3.347460387375182,3.385105172387397,3.931535817461837,4.466374043006004,5.659735046652734,5.608655993969019,5.046151294793375,4.890794276046173,
REMIND,SSP2-NPi2025,EUR,Rho,ENERGY,IND,,2.266482516617874,2.277067120989268,2.0339663109473625,1.793134183131471,1.610911557051122,1.4676848222456542,1.415631198086218,1.4206628496881353,1.4483006106174334,1.6453256267910108,1.839262168828504,2.339439771196466,2.4123208069817634,2.183730442120348,1.920430604299506,
REMIND,SSP2-NPi2025,EUR,Rho,ENERGY,PAS,,5.360492597984982,5.0291486903458384,4.456703045743986,4.061775836204448,3.7262650448844594,3.489849060273017,3.394117585871427,3.347460387375182,3.385105172387397,3.931535817461837,4.466374043006004,5.659735046652734,5.608655993969019,5.046151294793375,4.890794276046173,
REMIND,SSP2-NPi2025,EUR,Rho,ENERGY,R&C,,2.8737650899447016,2.829191660434349,2.5349008744124446,2.221265746952761,2.037401549137235,1.9251329612261652,1.884237135560465,1.856391992013725,1.8554060186856047,2.157261556696357,2.437152676799484,3.028463526490723,3.014970969143429,2.7244338412554585,2.577110188799257,
REMIND,SSP2-NPi2025,EUR,Rho,ENERGY,ST,,1.4077360346414942,1.4594198804660348,1.276854371574059,1.1189692828411288,1.064686664841528,1.0044739212479152,0.982703261905519,1.0154124693568016,1.0640590959159633,1.153455497262195,1.176710077230788,1.6017721301827443,1.9138775547903537,1.7930472846324856,1.2976925899176346,
REMIND,SSP2-NPi2025,EUR,Rho,TRANSPORTATION,CH,,2.003484188222654,2.3217201219629766,2.3348383435803246,2.1068329882714387,1.819018272783526,1.694137754415298,1.6748861536521389,1.7414054197489537,1.8742222483195277,2.160034625885145,2.440537933881584,3.2719154685239764,3.664005617409995,3.3500670299271462,2.649760867376356,
REMIND,SSP2-NPi2025,EUR,Rho,TRANSPORTATION,FRE,,5.360492597984982,5.0291486903458384,4.456703045743986,4.061775836204448,3.7262650448844594,3.489849060273017,3.394117585871427,3.347460387375182,3.385105172387397,3.931535817461837,4.466374043006004,5.659735046652734,5.608655993969019,5.046151294793375,4.890794276046173,
REMIND,SSP2-NPi2025,EUR,Rho,TRANSPORTATION,IND,,2.266482516617874,2.277067120989268,2.0339663109473625,1.793134183131471,1.610911557051122,1.4676848222456542,1.415631198086218,1.4206628496881353,1.4483006106174334,1.6453256267910108,1.839262168828504,2.339439771196466,2.4123208069817634,2.183730442120348,1.920430604299506,
REMIND,SSP2-NPi2025,EUR,Rho,TRANSPORTATION,PAS,,5.360492597984982,5.0291486903458384,4.456703045743986,4.061775836204448,3.7262650448844594,3.489849060273017,3.394117585871427,3.347460387375182,3.385105172387397,3.931535817461837,4.466374043006004,5.659735046652734,5.608655993969019,5.046151294793375,4.890794276046173,
REMIND,SSP2-NPi2025,EUR,Rho,TRANSPORTATION,R&C,,2.8737650899447016,2.829191660434349,2.5349008744124446,2.221265746952761,2.037401549137235,1.9251329612261652,1.884237135560465,1.856391992013725,1.8554060186856047,2.157261556696357,2.437152676799484,3.028463526490723,3.014970969143429,2.7244338412554585,2.577110188799257,
REMIND,SSP2-NPi2025,EUR,Rho,TRANSPORTATION,ST,,1.4077360346414942,1.4594198804660348,1.276854371574059,1.1189692828411288,1.064686664841528,1.0044739212479152,0.982703261905519,1.0154124693568016,1.0640590959159633,1.153455497262195,1.176710077230788,1.6017721301827443,1.9138775547903537,1.7930472846324856,1.2976925899176346,
REMIND,SSP2-NPi2025,EUR,Rho,HOUSEHOLDS,CH,,2.003484188222654,2.3217201219629766,2.3348383435803246,2.1068329882714387,1.819018272783526,1.694137754415298,1.6748861536521389,1.7414054197489537,1.8742222483195277,2.160034625885145,2.440537933881584,3.2719154685239764,3.664005617409995,3.3500670299271462,2.649760867376356,
REMIND,SSP2-NPi2025,EUR,Rho,HOUSEHOLDS,FRE,,5.360492597984982,5.0291486903458384,4.456703045743986,4.061775836204448,3.7262650448844594,3.489849060273017,3.394117585871427,3.347460387375182,3.385105172387397,3.931535817461837,4.466374043006004,5.659735046652734,5.608655993969019,5.046151294793375,4.890794276046173,
REMIND,SSP2-NPi2025,EUR,Rho,HOUSEHOLDS,IND,,2.266482516617874,2.277067120989268,2.0339663109473625,1.793134183131471,1.610911557051122,1.4676848222456542,1.415631198086218,1.4206628496881353,1.4483006106174334,1.6453256267910108,1.839262168828504,2.339439771196466,2.4123208069817634,2.183730442120348,1.920430604299506,
REMIND,SSP2-NPi2025,EUR,Rho,HOUSEHOLDS,PAS,,5.360492597984982,5.0291486903458384,4.456703045743986,4.061775836204448,3.7262650448844594,3.489849060273017,3.394117585871427,3.347460387375182,3.385105172387397,3.931535817461837,4.466374043006004,5.659735046652734,5.608655993969019,5.046151294793375,4.890794276046173,
REMIND,SSP2-NPi2025,EUR,Rho,HOUSEHOLDS,R&C,,2.8737650899447016,2.829191660434349,2.5349008744124446,2.221265746952761,2.037401549137235,1.9251329612261652,1.884237135560465,1.856391992013725,1.8554060186856047,2.157261556696357,2.437152676799484,3.028463526490723,3.014970969143429,2.7244338412554585,2.577110188799257,
REMIND,SSP2-NPi2025,EUR,Rho,HOUSEHOLDS,ST,,1.4077360346414942,1.4594198804660348,1.276854371574059,1.1189692828411288,1.064686664841528,1.0044739212479152,0.982703261905519,1.0154124693568016,1.0640590959159633,1.153455497262195,1.176710077230788,1.6017721301827443,1.9138775547903537,1.7930472846324856,1.2976925899176346,
REMIND-EXIOBASE,SSP2-NPi2025,EUR,Import|Energy,ENERGY,,EJ,50.4064327,36.7652624,28.9825021,24.4907155,18.6021512,13.9810464,9.5698941,6.4698181,3.5481963,0.2195639,0.3007996,0.3778542,0.2291392,0.0,0.0,0.0
REMIND-EXIOBASE,SSP2-NPi2025,EUR,Export|Energy,ENERGY,,EJ,15.1071781,0.8156575,0.5764352,0.4841444,0.4498826999999999,0.4365493,0.4317957,0.4359385,0.3893170999999999,0.411654,0.6433638,0.9419226,1.0784755,1.3133421,1.4281625999999998,1.5256894
REMIND-EXIOBASE,SSP2-NPi2025,EUR,Import|Energy Price,ENERGY,,M 2020 EUR/EJ,5225.801054823484,5963.096609436719,7266.923313565257,7473.25152343506,7969.925395895926,8702.416215808256,9303.09667823208,9227.168896660069,7832.270789784121,5887.461900565792,6256.974138774784,6367.754985976344,6510.179391055906,6510.179391055906,6510.179391055906,6510.179391055906
REMIND-EXIOBASE,SSP2-NPi2025,EUR,Export|Energy Price,ENERGY,,M 2020 EUR/EJ,4469.180167246856,2366.9068544864517,2921.6637229853027,3235.5312137383926,3274.28239257233,3393.449752855144,3496.3542973979806,3574.310489219921,4125.377039060683,11450.72330771751,11957.497946012332,11909.171367006744,10265.99065557374,8642.380881615334,6768.9557459589205,6904.1486280861545
REMIND-EXIOBASE,SSP2-NPi2025,EUR,Rho|Import,ENERGY,,,0.7765296732920313,0.7557473393739068,0.774346602153518,0.7499561564425431,0.7506903925666912,0.7579875002576796,0.7660088722449738,0.7274884128534566,0.633828355482477,0.5653000222796452,0.6948338743646715,0.9018041281290556,0.9265013893337376,0.8856672180904614,0.8428742240829701,
REMIND-EXIOBASE,SSP2-NPi2025,EUR,Rho|Export,ENERGY,,,0.8556597636734881,0.3865040174690772,0.4011281233232247,0.4183501537445436,0.3973660854810523,0.3808304621903688,0.3709281249038603,0.3630930613241172,0.4301457941859943,1.4166151342516466,1.7109014785550225,2.173078839064969,1.8824439215480628,1.514882959122793,1.1291705831041543,
